id,satisfaction_level
4615,0.7170099999999999
1680,0.15377999999999997
8866,0.43814
7525,0.5843199999999998
5389,0.7292099999999998
3221,0.6887800000000002
10553,0.5474399999999999
4069,0.7328100000000002
3076,0.7973799999999998
12516,0.16712000000000005
2936,0.6993800000000001
1817,0.4263799999999999
6494,0.7198999999999998
3332,0.7192700000000005
3866,0.7998500000000003
8812,0.49689916666666667
13538,0.5683200000000004
12066,0.41156000000000004
6485,0.6519409090909091
4192,0.5861499999999996
1733,0.41486999999999974
6606,0.6696100000000004
4396,0.7775000000000002
11758,0.5990500000000001
14528,0.4077499999999999
246,0.41655000000000014
9224,0.7040099999999997
13117,0.8906399999999999
10546,0.20067111111111133
3343,0.69026
3937,0.7530599999999998
10597,0.6861400000000002
4060,0.7598399999999998
2795,0.7280099999999998
6618,0.6102100000000007
2306,0.6199499999999999
10466,0.7931999999999999
3777,0.7248400000000003
10534,0.7057599999999998
733,0.4176200000000001
9343,0.6518100000000002
3470,0.46508999999999984
6382,0.6783099999999994
4696,0.6530699999999997
11009,0.7584500000000002
11625,0.6969900000000002
2978,0.8265799999999995
7911,0.7961
1826,0.19458999999999999
3798,0.68663
7320,0.7139500000000005
12357,0.4417500000000003
3165,0.6704499999999999
3334,0.6839400000000003
1848,0.7641299999999996
14695,0.40589000000000014
3995,0.39588000000000023
8294,0.6988399999999997
10297,0.5757500000000002
11065,0.45830000000000015
1345,0.6931000000000003
847,0.6631099999999998
3288,0.8035700000000006
12367,0.43761999999999973
5239,0.5036999999999998
3818,0.40416000000000013
9414,0.6873499999999999
5959,0.6413699999999999
13861,0.9108499999999994
9163,0.6166099999999999
1446,0.41760000000000014
7135,0.62981
6176,0.5054399999999998
1690,0.5957499999999993
8590,0.5614400000000003
617,0.8215399999999992
6171,0.7884200000000001
8177,0.21234888888888906
926,0.7937099999999998
5031,0.4871099999999998
8163,0.7486499999999999
9700,0.7455100000000003
3509,0.7562400000000002
14411,0.7706400000000001
7484,0.7358199999999999
196,0.2901899999999996
11812,0.6315999999999999
753,0.4072400000000001
6507,0.7635600000000001
12708,0.13198
6674,0.7950999999999995
4205,0.6667899999999999
13482,0.6690499999999995
13122,0.7033692307692303
7021,0.7247399999999997
10762,0.8795799999999993
14701,0.48468899999999965
14700,0.68915
11813,0.6802000000000001
6988,0.74103
4918,0.7037800000000002
8916,0.7212400000000002
8027,0.5197000000000002
11312,0.8447199999999995
3294,0.6618
8824,0.8067699999999993
1297,0.42468000000000006
12555,0.11558000000000014
10220,0.6630900000000001
3763,0.8296107692307689
3160,0.6683900000000007
13786,0.541269166666666
12334,0.11133000000000004
5421,0.7179299999999997
5902,0.7371899999999998
12768,0.1487900000000001
3533,0.5776099999999996
14206,0.8351100000000004
8328,0.7578099999999995
10362,0.61673
9863,0.7284500000000004
3676,0.5366500000000002
3803,0.7451099999999999
9191,0.6106699999999999
3423,0.5339599999999998
9839,0.4822800000000002
6180,0.5724100000000003
1698,0.11566000000000004
3469,0.7325200000000003
6699,0.6682199999999999
12724,0.4407899999999996
12058,0.4064400000000002
11641,0.49113
14134,0.7699600000000012
8922,0.7220700000000001
4765,0.70855
1310,0.7773700000000003
4947,0.6770999999999995
8287,0.5087290909090911
11482,0.7096999999999996
6314,0.7618
6393,0.75229
8149,0.47619
4800,0.79403
13784,0.37929
6514,0.7252699999999999
7431,0.66676
2983,0.7323900000000002
3475,0.7220499999999999
6820,0.7077400000000005
5873,0.70987
12990,0.7246499999999999
2500,0.5261200000000001
8766,0.7715799999999998
12981,0.6728999999999995
5438,0.7571400000000001
13857,0.7386
11264,0.5593200000000002
3201,0.7375200000000003
2627,0.5255300000000004
165,0.128221111111111
10858,0.6608700000000002
3022,0.6545799999999997
6155,0.3462799999999999
14965,0.4363299999999997
14748,0.44578999999999985
1449,0.41784999999999994
14587,0.5184400000000007
5646,0.70994
4509,0.5501899999999995
1551,0.4486599999999998
12493,0.13208999999999993
9665,0.6649399999999999
2639,0.7910800000000002
3752,0.6548899999999999
5196,0.6543099999999997
762,0.4231199999999997
12500,0.8112699999999998
8273,0.55472
7835,0.7359699999999999
5625,0.6528399999999995
14136,0.5178700000000002
12635,0.4316299999999999
6283,0.8046399999999995
2867,0.82663
12253,0.8473299999999996
2182,0.5095508333333334
9915,0.5599000000000005
10679,0.6578000000000003
3286,0.7219500000000001
1876,0.12654100000000013
12101,0.42812000000000017
11921,0.5989199999999993
7454,0.6672499999999997
8018,0.7596999999999998
14733,0.12219000000000003
10943,0.7926691666666669
14838,0.42061000000000015
11834,0.4846199999999999
5375,0.7559600000000001
10953,0.7113799999999999
2834,0.39616999999999986
9185,0.8460500000000002
8510,0.7206499999999997
14291,0.3929099999999998
10431,0.6744500000000002
13632,0.7583900000000006
1477,0.41823000000000016
10944,0.6167600000000004
5381,0.72223
12532,0.14337888888888883
5227,0.64664
14711,0.8044600000000002
6150,0.7797900000000003
14214,0.8002299999999996
2760,0.5958299999999999
7110,0.6778800000000001
11160,0.6863500000000002
7333,0.7067700000000003
10368,0.7241899999999997
5101,0.72223
3773,0.5858999999999999
8239,0.7319899999999998
5174,0.7948799999999998
11964,0.7081199999999995
6764,0.8039400000000003
7893,0.6122899999999999
1053,0.21495999999999993
1299,0.7530300000000003
5366,0.5699399999999999
4008,0.7106699999999997
10479,0.57017
1946,0.4006599999999999
10376,0.6896800000000002
6140,0.7315699999999998
5412,0.38700999999999985
4083,0.5976700000000001
13617,0.7228299999999996
9464,0.7355799999999999
9279,0.60153
14520,0.11266000000000004
4783,0.5761599999999998
13635,0.7198499999999999
6458,0.7298300000000001
6454,0.7199899999999999
1514,0.7308399999999996
1437,0.42414000000000024
14762,0.8393300000000004
6269,0.6848299999999999
9295,0.5044299999999996
11419,0.6811499999999997
6572,0.5409199999999995
5785,0.6130000000000001
11293,0.7130499999999997
12259,0.11211000000000002
12788,0.6857
12482,0.78999
12535,0.39416000000000007
2431,0.5790099999999999
4288,0.7600600000000003
6115,0.7706599999999998
4768,0.7267900000000005
1779,0.42861000000000005
3356,0.7300000000000001
6023,0.5950399999999998
9662,0.5561900000000003
6271,0.5275400000000003
10763,0.40030999999999956
5884,0.7285799999999999
5020,0.7567699999999999
5175,0.6048288888888887
14693,0.7963500000000003
819,0.40646888888888877
11983,0.6493999999999996
5216,0.5725100000000001
14778,0.14485
10016,0.5884400000000002
10447,0.77154
3062,0.5379599999999998
12391,0.42586000000000007
8609,0.6322599999999998
3897,0.75546
14590,0.76574
12511,0.5754799999999999
5592,0.6127000000000001
10348,0.6812099999999995
9286,0.6609
2063,0.7036600000000002
8955,0.7474707692307687
10666,0.75673
10716,0.8096499999999999
5268,0.7012899999999993
6653,0.8461199999999998
12837,0.29198
12077,0.4176399999999997
10381,0.5420799999999997
14160,0.6549800000000002
3629,0.41898000000000024
11245,0.6538699999999997
690,0.4237600000000002
2147,0.5994199999999998
12298,0.4220900000000001
6251,0.7298499999999993
524,0.8147699999999997
13762,0.8089199999999994
2719,0.8065199999999996
14389,0.4294300000000003
222,0.3934700000000001
11102,0.7550499999999998
7451,0.6442400000000003
6146,0.5135400000000002
8610,0.7710500000000002
4371,0.4156799999999999
355,0.4224799999999999
12060,0.7387599999999999
3048,0.5701611111111109
10233,0.7457199999999999
14189,0.6160800000000003
13574,0.6104499999999999
14299,0.42663999999999996
4499,0.566151111111111
7470,0.6162099999999993
13269,0.74103
3824,0.7399800000000003
822,0.4146499999999999
198,0.12399888888888898
12742,0.38464000000000004
6526,0.7445699999999998
13859,0.2805
3890,0.5392899999999997
1401,0.15356000000000006
1302,0.11415000000000006
7639,0.6671900000000005
10182,0.5006999999999997
8220,0.6878099999999995
9040,0.7453600000000001
4853,0.70818
8896,0.7529499999999998
4440,0.6420200000000007
3150,0.67428
14989,0.47995000000000027
14886,0.4188
8178,0.6771599999999995
6016,0.5777099999999994
3249,0.4574400000000004
6740,0.7144399999999999
2811,0.7410300000000002
2852,0.71672
14479,0.40730999999999995
12453,0.4104399999999999
12382,0.42828999999999956
2512,0.6323200000000001
12471,0.4174100000000003
9259,0.7508400000000001
2823,0.6795400000000003
3924,0.71198
9208,0.74882
12538,0.8200199999999995
14372,0.84569
9879,0.4816900000000001
8636,0.7570200000000001
11206,0.7319399999999997
9269,0.7037199999999999
13485,0.5235500000000007
1256,0.44100000000000017
14499,0.8277100000000006
9659,0.6533199999999997
227,0.44975999999999977
7163,0.7422399999999998
3860,0.7649199999999999
2057,0.7065800000000004
13878,0.7403299999999998
11310,0.7869299999999996
11835,0.4909199999999999
2716,0.5983499999999998
13171,0.7383500000000002
11789,0.7221299999999998
14667,0.7799999999999995
6632,0.7326500000000001
1056,0.40064999999999984
2289,0.4478199999999999
10089,0.74872
4268,0.7650800000000001
11656,0.7484600000000001
1753,0.8307799999999999
11979,0.6369899999999997
6033,0.4561699999999997
3224,0.7766299999999997
2206,0.43866000000000005
3867,0.66757
7988,0.73056
1231,0.16323000000000001
11866,0.7104599999999995
11,0.13628
8105,0.69229
13706,0.6116800000000001
1224,0.1403800000000001
878,0.42953
9819,0.75884
10879,0.807718888888889
7433,0.2853799999999999
3482,0.7503500000000004
12162,0.3991999999999999
3663,0.5881099999999997
7306,0.6260600000000002
3704,0.5344599999999998
8043,0.6721900000000001
13146,0.7005600000000004
5061,0.72543
7633,0.6948099999999998
5978,0.74062
14716,0.15081999999999998
7571,0.6691200000000002
14603,0.7886800000000004
2355,0.7103300000000001
9540,0.7147599999999998
6794,0.7498199999999994
13385,0.29967999999999984
13276,0.4672200000000004
14255,0.15483000000000013
14938,0.7850999999999996
5371,0.6027400000000003
7314,0.7210900000000006
6562,0.6372099999999997
1008,0.6658500000000003
11914,0.6120500000000001
1575,0.4329299999999999
683,0.5216099999999996
4412,0.5859099999999997
10519,0.7011500000000004
14718,0.3808200000000001
3198,0.70837
10976,0.7634699999999994
7782,0.44443999999999995
2034,0.7598299999999999
13923,0.7245000000000001
12666,0.4109699999999996
14141,0.7948599999999999
5014,0.7533200000000005
8518,0.7109300000000003
11889,0.5213600000000002
36,0.42566000000000015
11150,0.48564000000000007
8599,0.6410599999999999
856,0.14522000000000002
7467,0.6446200000000002
1974,0.4194
8732,0.7626400000000008
12914,0.6317499999999999
442,0.7884399999999999
8470,0.7216000000000001
10418,0.75842
6689,0.7897799999999998
14498,0.14850000000000002
3608,0.7556600000000003
4075,0.7171799999999999
7739,0.7519600000000005
11079,0.6690899999999995
13019,0.4566700000000001
11120,0.5971399999999999
1699,0.4643299999999998
6678,0.7349399999999998
6470,0.5525100000000002
1368,0.40336999999999973
3679,0.7840299999999999
2351,0.7297
7803,0.48020000000000024
12046,0.39348909090909084
12295,0.42258
3882,0.5955299999999998
325,0.4162099999999997
1204,0.4598100000000001
7906,0.7496799999999999
4005,0.6514600000000002
12614,0.13680000000000003
657,0.43256000000000033
4125,0.66156
2348,0.7417200000000002
13738,0.6353299999999998
1289,0.43796999999999997
9635,0.7239299999999996
10526,0.5582799999999999
9654,0.6829799999999999
703,0.41825999999999985
14401,0.14476000000000008
1676,0.16075000000000006
3328,0.7055799999999998
8805,0.7530799999999992
5849,0.5544800000000002
7521,0.7091699999999999
5739,0.6107599999999997
3896,0.7274900000000001
13662,0.7251700000000001
3029,0.7712300000000003
4346,0.6464400000000005
6201,0.6623500000000003
14796,0.3977999999999998
83,0.76665
1082,0.7055200000000004
9039,0.58291
14197,0.59504
12055,0.4221600000000001
6331,0.45671999999999996
7254,0.6992099999999998
12851,0.7636399999999998
12495,0.7861499999999996
9287,0.6610699999999997
7615,0.5505299999999999
5550,0.5137000000000004
7886,0.6880599999999998
14786,0.42686
11216,0.5589499999999998
2365,0.7807100000000005
852,0.74223
5809,0.6978699999999997
1486,0.18482000000000007
5580,0.65523
13730,0.7431699999999999
9074,0.8206299999999996
6711,0.7336599999999995
1945,0.7159400000000002
319,0.43173
12057,0.15041
13282,0.8170100000000005
7858,0.7565299999999999
5052,0.6724999999999994
12280,0.12299000000000017
11318,0.7522000000000004
5772,0.6265199999999997
1251,0.4496699999999999
4781,0.72395
439,0.4142199999999998
10193,0.47941000000000017
714,0.39448
6739,0.7314099999999998
1643,0.16880000000000003
11797,0.7841500000000005
4715,0.7588300000000007
7442,0.62781
2116,0.5314700000000004
9758,0.7314099999999998
6979,0.7185299999999998
13070,0.756059
2871,0.7842800000000004
7244,0.3545299999999998
1380,0.7192399999999999
10493,0.6767699999999999
11655,0.68414
13483,0.6391309090909093
880,0.6199100000000004
1041,0.8002999999999999
1840,0.14816000000000001
9137,0.70774
6790,0.7439600000000004
7344,0.44477000000000005
1167,0.43595
204,0.7869399999999999
8551,0.7851600000000002
6384,0.4423600000000001
3821,0.6529699999999998
10889,0.67814
14164,0.6451100000000003
7480,0.6069499999999995
14713,0.14405000000000004
11401,0.7885599999999998
10909,0.8584799999999992
11653,0.6964000000000001
11210,0.6557199999999997
309,0.11351000000000004
401,0.8450900000000001
13596,0.6572099999999996
14433,0.39160999999999985
3031,0.74909
4467,0.70573
4518,0.7419600000000003
2971,0.67892
3983,0.7282600000000002
11094,0.7349000000000003
2296,0.5229700000000002
10276,0.6781699999999999
13466,0.8450099999999992
2671,0.6827399999999996
2736,0.5871314358974358
10718,0.8171900000000002
5136,0.6273500000000002
9019,0.41217000000000004
8850,0.6463800000000003
2488,0.7312700000000002
4650,0.74714
3155,0.7221899999999997
5401,0.56466
12558,0.4219599999999998
4548,0.7028900000000003
3447,0.7542599999999999
11397,0.6662900000000005
13199,0.5955099999999995
10132,0.46082
5734,0.6607399999999997
7331,0.6028899999999995
13726,0.71417
7114,0.8020900000000002
12565,0.7325299999999997
11698,0.6729599999999997
5545,0.7234099999999998
14576,0.8464000000000005
328,0.15678090909090903
2847,0.7445699999999995
14545,0.1214790909090909
13775,0.6506299999999997
9837,0.75302
13102,0.6800600000000004
13639,0.7829999999999999
2800,0.62184
7932,0.67818
7897,0.6652500000000003
13834,0.41133000000000036
8856,0.6082099999999996
4873,0.7256200000000002
73,0.127311
2394,0.7213300000000001
13548,0.6270399999999995
7414,0.46289000000000047
4142,0.6612899999999994
66,0.41068000000000005
4165,0.7640300000000001
665,0.8080199999999995
830,0.7782999999999999
3258,0.6553800000000003
2799,0.7335400000000001
10120,0.66264
7852,0.53039
1405,0.42482000000000014
2438,0.7973600000000001
1951,0.6152799999999998
6659,0.3663300000000001
1880,0.7999599999999996
14754,0.8166999999999995
6167,0.7742700000000002
11969,0.6693299999999998
12814,0.5726799999999999
7489,0.6901700000000004
13402,0.68814
7695,0.7626199999999993
10709,0.5952799999999996
9327,0.6793500000000001
5312,0.7071100000000001
6371,0.7074499999999999
12595,0.2895579797979801
4404,0.7014600000000004
5643,0.8080899999999994
1306,0.11503000000000013
5036,0.7689600000000002
10457,0.7171899999999996
2338,0.7981500000000002
4827,0.7012100000000001
9512,0.59516
9842,0.6109499999999997
10329,0.7513000000000001
7711,0.7952800000000004
6300,0.6531000000000001
6884,0.36096999999999974
11420,0.6364499999999998
2740,0.53828
3916,0.8051099999999997
5872,0.5448699999999996
562,0.4566300000000002
14330,0.43231000000000025
352,0.6756999999999997
6682,0.5256599999999999
5957,0.7721499999999999
10614,0.7692200000000001
11621,0.7079493749999999
12010,0.4160699999999998
12792,0.7005111111111104
11182,0.6929700000000003
6460,0.69026
12652,0.11733111111111122
11984,0.642939285714286
4511,0.5539800000000001
12872,0.6199899999999997
6383,0.5919900000000002
2996,0.7031100000000001
8146,0.7783100000000001
5517,0.7695900000000002
13442,0.6025300000000003
778,0.11422
2902,0.7129499999999998
8952,0.6827300000000001
11515,0.7342199999999999
11062,0.7840299999999997
4195,0.73378
7301,0.7435600000000001
10258,0.5366889473684214
3541,0.6976399999999998
7963,0.3076500000000004
9497,0.4893799999999996
6039,0.6768699999999999
8717,0.5016999999999998
7979,0.5993799999999999
12884,0.6696200000000004
14759,0.7259399999999998
14187,0.7376900000000005
5265,0.7414399999999997
814,0.14571
5940,0.7642199999999998
5272,0.7420399999999998
14896,0.7269000000000002
7611,0.40661000000000014
14850,0.4195800000000001
6366,0.7514900000000001
4243,0.43108000000000024
9144,0.7263899999999999
1903,0.7375299999999995
1199,0.44218
4578,0.7652499999999999
12636,0.4002000000000001
13271,0.7222600000000001
13401,0.6817699999999993
12475,0.43415000000000015
9423,0.7461899999999997
13710,0.79344
7962,0.70427
9932,0.5087599999999999
11876,0.5077899999999996
5189,0.8645499999999992
11493,0.6765300000000001
9076,0.7275700000000005
5740,0.6967490000000002
7094,0.7587499999999995
7753,0.6514299999999997
12923,0.8730099999999986
8215,0.7076799999999998
1644,0.8373800000000002
14824,0.8296999999999999
7535,0.7679399999999995
5984,0.7044499999999999
1121,0.45670999999999995
3230,0.46110999999999996
4226,0.7075599999999999
9703,0.4743699999999999
6261,0.8006900000000001
4017,0.7692299999999994
2231,0.5890200000000004
1655,0.13895000000000016
11098,0.7011100000000002
13335,0.481089
8442,0.7581900000000005
8540,0.7679499999999999
4539,0.6583100000000001
13927,0.6715799999999998
1365,0.1346988888888888
5075,0.5850999999999997
9498,0.5844800000000004
12262,0.41504999999999986
10581,0.7843199999999999
2943,0.6501100000000004
7716,0.7429400000000002
6262,0.7624611111111111
3801,0.5703200000000002
6986,0.6000300000000005
465,0.42715999999999993
3238,0.7867699999999996
4291,0.8357300000000002
13559,0.47162000000000004
11867,0.6914799999999999
6768,0.8026799999999997
12312,0.3998499999999999
10965,0.7231799999999993
1175,0.43096000000000045
8012,0.7063299999999996
13633,0.6519488888888887
14406,0.1305700000000001
5948,0.74102
7367,0.6713200000000005
3015,0.4660290909090909
5026,0.5949
8219,0.7420000000000005
6071,0.6821200000000005
5926,0.6193900000000003
11518,0.77443
4091,0.7185499999999996
13059,0.6691600000000001
8775,0.5945500000000001
10396,0.7958300000000006
8268,0.7073999999999999
651,0.17497369852369857
1856,0.11202100000000006
7430,0.4538400000000005
13805,0.7386099999999997
498,0.4286699999999998
12836,0.6868100000000001
8927,0.7508600000000001
10359,0.7383000000000002
6887,0.43992000000000026
7210,0.48317000000000015
2537,0.7035399999999999
7104,0.7767400000000001
12299,0.7743899999999999
5588,0.6165800000000002
11696,0.73224
419,0.7786799999999998
3231,0.6450000000000002
14007,0.6521399999999999
124,0.40011999999999986
5156,0.38567
2560,0.7255999999999999
8353,0.7081099999999997
396,0.4208000000000001
1412,0.4322990909090909
4471,0.7132599999999999
14315,0.4126200000000001
1668,0.7562799999999998
11023,0.75618
4417,0.7109100000000004
9168,0.72142
10609,0.7131399999999996
12674,0.4314000000000003
2091,0.5380900000000002
8743,0.6326200000000003
8198,0.7405199999999997
3375,0.7575799999999999
1886,0.1266200000000001
11908,0.6214200000000002
2596,0.8305099999999997
10689,0.68557
7016,0.46239000000000013
8726,0.7278600000000001
10,0.4146999999999999
8521,0.6292500000000001
14801,0.44854000000000027
10354,0.6044
7342,0.6877699999999995
6056,0.5205699999999999
3424,0.7582200000000001
9082,0.6860899999999996
12432,0.41690000000000027
10393,0.7257100000000003
6992,0.6867499999999999
4536,0.43558
14427,0.41304
12398,0.81839
8253,0.6050399999999996
13636,0.7325599999999999
92,0.4039600000000002
1360,0.2020300000000001
4834,0.7248699999999997
537,0.44944999999999985
65,0.7427600000000005
12934,0.6799700000000002
6233,0.7667199999999997
10618,0.7677700000000001
8341,0.8213900000000001
6431,0.67033
11369,0.7799499999999998
12622,0.16942066666666622
13686,0.7460000000000002
11122,0.6667599999999997
1182,0.8450100000000005
3947,0.78535
2455,0.7443000000000001
11027,0.69575
2326,0.67806
14374,0.8117500000000003
8525,0.4279400000000001
13031,0.6085399999999999
28,0.41788
8835,0.6917400000000002
6556,0.5924900000000002
14611,0.8387600000000003
11100,0.7820799999999999
14006,0.8139299999999996
9745,0.68987
5989,0.5357500000000003
2318,0.7613999999999997
6468,0.8025300000000004
8004,0.6151600000000004
10987,0.6300299999999996
1736,0.14353000000000016
12024,0.38891000000000026
12897,0.7099300000000001
10520,0.7577000000000005
766,0.6844100000000001
14752,0.77893
727,0.4494800000000004
557,0.41034000000000026
2932,0.4576799999999997
12534,0.7646499999999999
7191,0.696820909090909
193,0.1645499999999998
3841,0.70377
4039,0.6784300000000002
11214,0.6474599999999998
10677,0.47449000000000013
5074,0.5874200000000002
11331,0.6908199999999998
7609,0.77582
5313,0.7195599999999996
1510,0.7873500000000001
11037,0.7117699999999998
13398,0.6653099999999997
2170,0.6860100000000001
12624,0.40241
9268,0.36964999999999987
13162,0.4494499999999999
4402,0.6875699999999999
4038,0.73086
13869,0.5629299999999995
4071,0.6910300000000004
1821,0.13179
848,0.12908000000000003
7740,0.6707599999999999
13186,0.8208499999999997
496,0.14827899999999994
13879,0.6601800000000003
3383,0.7254000000000002
1541,0.46993000000000007
13033,0.7650799999999998
4972,0.7415100000000002
74,0.1750691666666667
1564,0.7169899999999998
3018,0.8336500000000006
11618,0.76744
11959,0.6489800000000007
5051,0.7450600000000003
4362,0.7080900000000001
6814,0.8060900000000002
12861,0.7303600000000001
10684,0.4981499999999999
12260,0.41013000000000005
7565,0.7319099999999998
9130,0.72712
7267,0.43574000000000035
7243,0.7469499999999998
3884,0.6807399999999996
2652,0.73709
14537,0.3885500000000001
11708,0.5144199999999995
7091,0.6092199999999999
9741,0.6817699999999999
806,0.40547000000000005
7332,0.7299000000000003
10777,0.6146700000000006
5789,0.5482100000000001
8241,0.6932499999999994
9416,0.6849200000000002
9309,0.7105499999999998
226,0.3846599999999998
8508,0.7999599999999998
11609,0.7558500000000004
4585,0.7438400000000002
5178,0.72909
4954,0.7341899999999998
2598,0.7032588888888892
14024,0.6753100000000001
8059,0.6096700000000002
11144,0.6846999999999999
1013,0.14687999999999982
9107,0.78137
6376,0.6952099999999999
1791,0.15473000000000015
9850,0.7387900000000003
2765,0.7166499999999998
4640,0.6850000000000002
9244,0.4592100000000004
13252,0.5788900000000005
14539,0.1359688888888889
3530,0.7607499999999997
6162,0.5791000000000002
4821,0.7050299999999998
6521,0.7053399999999996
6081,0.40298000000000017
9709,0.6205999999999992
6361,0.7701900000000002
334,0.12221
2268,0.23524999999999996
12408,0.82306
2801,0.6608999999999999
2235,0.51131
8860,0.7157700000000006
11666,0.6835899999999995
12040,0.7459700000000001
11732,0.5602100000000003
9342,0.6806699999999997
2128,0.7500199999999999
3761,0.7607599999999995
3832,0.6706
522,0.12673
14794,0.4144200000000001
1813,0.22636000000000014
13647,0.7195700000000003
10848,0.60413
743,0.13010879797979805
10788,0.6915399999999999
5674,0.7583200000000001
14647,0.18456111111111112
110,0.4241300000000001
4913,0.7427399999999998
4550,0.4911199999999996
4872,0.6343399999999999
1612,0.7042
9752,0.7411199999999998
11177,0.7316399999999998
14953,0.4300499999999999
2890,0.6999000000000001
697,0.13381
10399,0.7169800000000001
90,0.42952999999999975
14705,0.80599
9725,0.7479499999999999
4085,0.6828299999999997
857,0.10743888888888893
3855,0.6602100000000002
13081,0.6961000000000002
3552,0.7125199999999995
8877,0.5513500000000002
14573,0.39710999999999996
5943,0.7011399999999998
3723,0.5870399999999999
12883,0.7997000000000003
634,0.8097499999999995
14622,0.8295599999999997
8413,0.6811400000000005
12698,0.4277200000000001
13044,0.8298300000000006
13038,0.75733
12830,0.46370000000000045
2151,0.6396400000000001
7219,0.7063700000000003
9021,0.48008000000000045
9150,0.6984899999999999
3886,0.7460300000000001
5669,0.5980199999999998
5368,0.7631599999999998
5678,0.5102600000000003
6029,0.6584899999999996
68,0.76815
5686,0.7040999999999998
14685,0.8200499999999998
14887,0.4172499999999998
6920,0.6950099999999999
2181,0.7485300000000001
7214,0.71265
6422,0.7443500000000002
3282,0.7225900000000002
5090,0.68596
6710,0.6747400000000002
4055,0.7251199999999998
11570,0.8424299999999989
14568,0.42554000000000014
11390,0.7521
10735,0.6315700000000003
7813,0.7928199999999995
10446,0.7390400000000001
8994,0.5402700000000003
13425,0.63592
8529,0.5548599999999998
9919,0.6817600000000001
7362,0.3242500000000002
4176,0.8077800000000004
3117,0.71065
13130,0.5075299999999999
2557,0.7699199999999999
13646,0.662
10260,0.79512
1124,0.4158
3944,0.7261700000000002
12250,0.7948900000000002
14061,0.47874999999999973
7894,0.6453499999999995
5082,0.41938
1198,0.11978816666666667
11999,0.6142100000000001
10912,0.5933499999999992
7027,0.70463
2919,0.7268699999999992
231,0.8108900000000006
4289,0.5680000000000001
11857,0.7814099999999996
5598,0.7032699999999998
7379,0.7318999999999997
1101,0.1687200000000001
6558,0.6754900000000003
11207,0.6246599999999995
589,0.3995000000000002
9689,0.36546999999999996
4080,0.7571499999999998
10409,0.73457
6815,0.7097700000000003
4920,0.70682
230,0.4084399999999999
9751,0.6507900000000001
7361,0.7909699999999995
12444,0.42926000000000003
7458,0.6934600000000001
8406,0.7497699999999999
5336,0.7455700000000006
11902,0.8983099999999986
10822,0.7446999999999998
8057,0.6892400000000001
9880,0.6939100000000002
1330,0.42089
4399,0.6324399999999999
135,0.3412499999999998
6513,0.5877300000000004
3741,0.64522
7697,0.6905499999999997
14577,0.14596100000000004
4475,0.6847300000000002
984,0.7535100000000001
6965,0.5076200000000002
4839,0.6590100000000002
4087,0.7068499999999994
10443,0.6125200000000001
11571,0.7004699999999998
4137,0.7526799999999999
9570,0.6371599999999997
705,0.40474000000000016
4204,0.7215699999999997
9722,0.7512800000000002
5510,0.7242400000000003
4991,0.5135199999999998
6473,0.7133399999999996
6961,0.7634300000000002
14228,0.8098799999999996
7928,0.31186000000000036
12459,0.4345099999999995
4865,0.6491900000000003
4760,0.59919
13300,0.6367400000000004
10647,0.7111299999999996
2106,0.7286499999999999
13526,0.71852
12009,0.40422
6275,0.7876900000000007
713,0.8411000000000005
14729,0.42003000000000024
2117,0.7013599999999997
2904,0.7703199999999997
8014,0.6868407407407411
981,0.4077799999999999
11314,0.6573699999999999
11547,0.7433209090909086
9581,0.6697
7238,0.6714699999999997
5346,0.6995699999999995
2177,0.6514599999999997
4798,0.55242
1197,0.7933700000000004
3905,0.7243099999999998
13754,0.8338799999999995
8377,0.46799000000000013
12689,0.8214399999999997
1649,0.39193
3745,0.7112899999999996
2540,0.6181700000000001
1816,0.42015
2167,0.7279800000000001
12871,0.6890099999999998
8243,0.6412300000000001
8179,0.5573899999999995
13489,0.5620500000000004
5929,0.51546
12798,0.7811200000000003
4599,0.4833200000000001
14674,0.769381111111111
6438,0.6786500000000001
13458,0.42514000000000046
11695,0.7140399999999998
9619,0.7121700000000001
10151,0.7688899999999996
12504,0.6304299999999996
10510,0.6688399999999999
13093,0.7493188888888891
158,0.3802499999999999
9924,0.7257999999999997
11058,0.7331200000000002
4411,0.5409100000000003
6409,0.5850200000000003
8584,0.6853699999999999
5428,0.5068399999999997
6435,0.7000200000000004
13119,0.5067999999999999
5859,0.47069999999999995
2378,0.6953899999999997
11601,0.6017099999999994
10994,0.7126299999999997
1153,0.11357000000000005
2984,0.7836700000000002
8504,0.6918400000000001
4604,0.7808291666666664
12782,0.8387300000000003
12313,0.4129899999999997
8000,0.7591899999999998
9648,0.5814199999999997
2478,0.6955200000000002
1673,0.7790900000000004
1814,0.7640899999999999
4461,0.7223999999999999
8758,0.5320699999999998
6877,0.6667699999999998
12318,0.13512000000000016
4016,0.753309999999999
12736,0.8128600000000001
3907,0.7741699999999997
6419,0.37868999999999997
8029,0.5838499999999995
8486,0.7329000000000002
9649,0.6621799999999998
5662,0.6146399999999997
3043,0.43599
10625,0.6531199999999999
12022,0.12069000000000005
2211,0.7732000000000001
10032,0.4828099999999996
6974,0.6557899999999997
9153,0.6242799999999997
13220,0.7632694444444442
6683,0.6249900000000005
3033,0.7364099999999995
10225,0.7201900000000001
8302,0.5323688888888884
10991,0.6718500000000007
5155,0.7321700000000003
10513,0.69648
7694,0.7153192307692305
2665,0.6893799999999999
1059,0.6149311111111107
2334,0.6816899999999998
14923,0.39268999999999993
10638,0.7016800000000002
11754,0.6444399999999999
7618,0.6693400000000004
14366,0.13787999999999992
4462,0.70615
1533,0.40312
1804,0.40958999999999973
12266,0.12893000000000013
12120,0.41127
5386,0.5656100000000004
11445,0.6285300000000005
13373,0.77333
6124,0.6919699999999996
13584,0.6482300000000001
3430,0.6909299999999999
6901,0.6506300000000002
5718,0.7040488888888894
645,0.40446000000000004
2995,0.7076599999999996
9633,0.41880999999999985
14166,0.753110000000001
8647,0.7088600000000005
11510,0.4658
698,0.4255700000000002
5695,0.6104699999999998
7130,0.7012500000000002
5938,0.7323511111111108
10931,0.7163499999999998
3567,0.7333500000000001
9242,0.7071000000000001
12116,0.7100499999999996
2400,0.5660299999999998
3529,0.21854000000000004
8235,0.6549599999999995
8100,0.7136400000000002
10203,0.66432
11316,0.74233
2880,0.7612499999999995
4175,0.78276
3602,0.7814999999999995
4733,0.6715899999999999
14617,0.8627099999999999
4806,0.65494
1462,0.43639000000000017
6718,0.6558800000000005
2909,0.7060800000000004
13328,0.6586299999999994
8451,0.3881300000000001
10612,0.63504
11323,0.7719499999999994
1025,0.4450600000000001
14795,0.41591000000000017
13436,0.7557599999999993
11831,0.7732600000000002
184,0.40961
14529,0.11446900000000014
3575,0.46283000000000035
8473,0.67907
4111,0.49204000000000014
3069,0.6717999999999997
11880,0.77608
5321,0.6607299999999999
6172,0.52149
11953,0.6451600000000006
11201,0.5844499999999997
5079,0.7255300000000001
7043,0.74343
2452,0.5090088888888895
13187,0.71339
1177,0.7461099999999999
12283,0.13733000000000004
11132,0.47034999999999977
7124,0.6972599999999994
10267,0.4499099999999998
13077,0.64791
12257,0.41543076923076916
7657,0.7086099999999993
3244,0.69361
9767,0.7004799999999999
13644,0.60679
8614,0.6909700000000005
11674,0.7408299999999999
5752,0.6886099999999997
5713,0.6968099999999999
9432,0.5172099999999997
10453,0.8359300000000001
8433,0.6643699999999998
5915,0.7224400000000003
14086,0.42007000000000005
13616,0.61684
13722,0.7531400000000003
5551,0.7220299999999997
4229,0.7395899999999997
13145,0.6365500000000006
133,0.3998700000000001
9824,0.5364299999999994
12716,0.41862
7253,0.7791000000000001
3683,0.74771
2094,0.4502600000000001
1617,0.8369200000000003
13386,0.5556
9991,0.5898699999999997
10810,0.7071799999999999
1418,0.13696000000000008
4885,0.7406599999999999
5852,0.6098200000000003
12227,0.44688000000000033
13575,0.8384600000000004
6154,0.7005999999999999
12200,0.7851099999999999
14598,0.16313090909090908
12214,0.45837999999999995
7773,0.4613299999999999
8670,0.5755700000000001
9181,0.7844299999999998
3121,0.6856900000000001
7373,0.45659999999999984
10152,0.7583500000000004
2648,0.7955599999999999
7601,0.58796
13860,0.7789900000000007
5571,0.72991
3938,0.72631
14287,0.13899099999999995
12421,0.12825000000000014
13156,0.45003000000000015
5369,0.7197699999999998
4535,0.7119
13514,0.6696300000000001
6823,0.6872400000000002
10734,0.7268899999999999
10482,0.6869499999999994
5701,0.5632100000000002
2442,0.7156500000000001
5484,0.77864
635,0.43173
88,0.4187299999999998
9020,0.8618399999999994
6297,0.74123
5729,0.7271300000000003
12714,0.40712000000000004
6500,0.49303909090909065
1637,0.14039000000000004
5476,0.7778399999999999
6918,0.7498999999999997
820,0.1278207692307693
8753,0.3068200000000001
8002,0.45536
2471,0.6918599999999993
3604,0.5778300000000001
7192,0.7329399999999998
1906,0.28252000000000027
4072,0.7013499999999999
14452,0.41440999999999983
3506,0.5847900000000001
3918,0.6009600000000006
291,0.7794900000000001
4272,0.6782199999999999
7871,0.8626199999999998
13118,0.2746999999999996
6580,0.7862800000000001
12907,0.7891600000000001
13294,0.7224999999999997
4971,0.7686000000000002
2248,0.7247199999999997
2135,0.6873699999999998
6639,0.6986599999999998
4363,0.7090899999999998
12003,0.8194800000000001
10562,0.39385999999999954
13175,0.44112999999999986
8011,0.7379600000000001
14303,0.4200300000000001
1098,0.41632000000000047
14815,0.12722999999999987
9387,0.6860100000000005
10693,0.6971799999999996
8761,0.7129800000000006
12913,0.70562
538,0.8216499999999997
1011,0.46949999999999986
11635,0.6623700000000002
761,0.15236000000000008
101,0.41336999999999996
1496,0.1675699999999999
8103,0.68298
3810,0.50278
8630,0.6778100000000002
6827,0.73687
14618,0.12944000000000006
11772,0.7851399999999998
129,0.43050000000000027
12686,0.1283411111111111
13071,0.7414100000000006
3396,0.6192899999999999
9516,0.6975200000000003
7555,0.5145599999999998
14670,0.4307107692307692
9392,0.6253899999999999
10792,0.37440999999999997
7899,0.6927199999999998
10606,0.7721599999999996
8374,0.6353699999999999
13871,0.6825900000000001
1610,0.8138100000000006
604,0.13406000000000007
8512,0.6738799999999998
2728,0.7374599999999997
7853,0.6635200000000002
1751,0.1738800000000001
13966,0.6493500000000002
2841,0.6240200000000001
9501,0.6608499999999999
14996,0.3989700000000002
5748,0.6861
13889,0.36553999999999964
7475,0.68702
12336,0.7370700000000001
10497,0.3594899999999999
6117,0.6491899999999999
3337,0.6951100000000003
2755,0.6002799999999995
11986,0.5693899999999998
1277,0.8088999999999994
1508,0.7580899999999994
485,0.5477
8097,0.7291099999999997
3869,0.8168699999999999
10590,0.6853
2389,0.5828499999999996
11776,0.6716099999999997
14542,0.11595090909090919
6553,0.6041500000000002
3237,0.7041299999999998
6122,0.4355900000000004
1424,0.42668999999999996
13506,0.71935
11103,0.7045700000000003
3259,0.6761300000000002
9017,0.9014399999999995
1861,0.1311799999999999
11258,0.6102699999999995
1640,0.7757200000000003
7399,0.7682500000000002
1439,0.7726099999999996
13557,0.56849
3680,0.56547
1429,0.7893300000000003
8158,0.7034200000000003
5229,0.7141699999999997
3722,0.6904499999999996
1348,0.47615999999999997
12103,0.10932386446886456
4740,0.77146
360,0.12073000000000012
11815,0.7739099999999997
1531,0.42650888888888877
8533,0.7354599999999998
9612,0.73
6374,0.5774309999999994
7412,0.7099500000000001
2720,0.7343199999999996
1221,0.8321099999999995
13312,0.2991399999999997
11105,0.5736599999999995
708,0.12581
12439,0.40942999999999985
13426,0.6650100000000002
5388,0.8221700000000002
2556,0.71069
9814,0.58967
10921,0.6468999999999998
4389,0.7553799999999997
1216,0.46379
4835,0.60011
14521,0.13131
6903,0.6915499999999998
221,0.4105900000000001
2198,0.7800100000000003
535,0.3927200000000001
6203,0.8050400000000001
6886,0.6737599999999999
8281,0.7155600000000003
3851,0.7107399999999998
11322,0.7564399999999998
12354,0.34574
13551,0.70781
8119,0.3500699999999998
6941,0.6654600000000004
14238,0.4086699999999997
3641,0.6937099999999998
13128,0.7714900000000001
8520,0.6578500000000004
11488,0.69014
4702,0.6960500000000001
4701,0.7245400000000002
2358,0.77031
6305,0.5189300000000002
6311,0.7072800000000001
2717,0.8070100000000003
5145,0.5552700000000005
14914,0.4016199999999999
1246,0.40321000000000007
5958,0.6589700000000005
8884,0.7005000000000006
1723,0.14407000000000003
5919,0.4571399999999998
7825,0.6642999999999998
9639,0.47074000000000005
13309,0.6707600000000002
6697,0.74382
2601,0.7039799999999999
1394,0.4193300000000005
5528,0.6812800000000003
7827,0.6894600000000007
2568,0.46845000000000003
5825,0.5854400000000001
7330,0.5279299999999999
1012,0.1156900000000001
12727,0.43029000000000006
8086,0.45994999999999975
2959,0.7208399999999997
3472,0.49111000000000016
12999,0.6883299999999999
14421,0.4255199999999999
13054,0.6569100000000002
4374,0.6591400000000002
9360,0.6815400000000004
11568,0.6330800000000001
2815,0.7100700000000001
9697,0.5523199999999997
8559,0.6969799999999999
13477,0.7044299999999994
13961,0.4764200000000002
1696,0.43804000000000004
1527,0.41821999999999987
12308,0.4178300000000002
4508,0.4295599999999996
11235,0.76055
11234,0.9274200000000005
11596,0.6708899999999997
8582,0.7521200000000006
9901,0.7231200000000001
43,0.1237
2562,0.7638900000000003
5129,0.6470100000000001
5801,0.7323299999999997
9452,0.44591000000000003
12845,0.6700200000000001
13535,0.5758199999999996
1057,0.41841999999999985
416,0.7835699999999999
10722,0.7088299999999996
786,0.8222300000000002
7553,0.6148899999999999
8034,0.8099800000000004
6106,0.69255
3951,0.6849999999999998
2585,0.7061292307692306
11676,0.8639299999999988
9483,0.4198200000000001
13529,0.6301200000000002
8686,0.7678099999999998
7262,0.3166582222222224
8438,0.4686600000000004
2081,0.7296000000000002
610,0.1313200000000001
3132,0.67845
1461,0.40039999999999976
5327,0.6202300000000002
2201,0.5014399999999999
4427,0.7435200000000002
6835,0.6648100000000001
11581,0.6192000000000002
27,0.41906000000000004
11580,0.5679600000000005
6345,0.7318800000000004
12568,0.43413999999999997
10782,0.5692299999999995
11127,0.6284000000000005
5360,0.5870000000000001
4183,0.7720199999999998
13614,0.7245999999999997
6247,0.6041599999999993
5252,0.7111799999999997
8380,0.6953300000000003
8737,0.8391100000000006
13152,0.7621899999999998
1762,0.6953599999999998
13974,0.62177
6780,0.7596999999999993
313,0.4108799999999998
7288,0.6660499999999999
14191,0.4687200000000002
6108,0.7294099999999998
3293,0.7430599999999998
8722,0.6889399999999999
12211,0.4308800000000004
8736,0.5891600000000005
9826,0.6497700000000002
918,0.16985888888888898
5183,0.6568299999999999
8458,0.60702
11032,0.5732
10565,0.7724499999999997
2634,0.4774100000000001
6840,0.6947099999999996
13409,0.6541100000000004
10637,0.5929200000000001
946,0.4075700000000002
14274,0.44147000000000025
6527,0.69781
4892,0.48468000000000044
288,0.8088699999999999
1557,0.77952
7814,0.5315299999999996
10524,0.6509999999999997
12993,0.5742199999999996
13909,0.6518700000000003
3388,0.852821052631579
8747,0.6062700000000002
14692,0.12336999999999991
13277,0.80619
4646,0.7182200000000003
13431,0.56671
2115,0.6818399999999994
3624,0.7094799999999997
3324,0.7324300000000001
13934,0.67805
8192,0.70829
882,0.11714666666666665
8137,0.6478100000000007
10468,0.6343999999999997
3498,0.6298599999999999
5253,0.7083399999999994
9503,0.72155
10335,0.4782400000000002
7304,0.6658890909090913
5837,0.8179800000000006
13747,0.6702400000000004
14840,0.40833000000000014
2746,0.7097700000000002
3153,0.5059699999999999
13868,0.6268999999999998
9885,0.59435
14118,0.6940699999999995
507,0.41743000000000036
7603,0.7350700000000002
7023,0.7795899999999992
5769,0.7335700000000002
9572,0.5779200000000002
60,0.73838
10144,0.7166300000000001
14527,0.41644000000000064
986,0.40594000000000013
4819,0.7038500000000005
6005,0.6937800000000002
407,0.13711000000000004
6326,0.6876200000000003
12725,0.42441999999999974
176,0.4351000000000003
8908,0.69194
11777,0.65211
6892,0.72748
5037,0.7277899999999999
3378,0.7661499999999998
10290,0.6952699999999998
7220,0.7246100000000001
2004,0.7607399999999994
10250,0.7970900000000003
14646,0.4179299999999998
2308,0.7180599999999997
14073,0.8593099999999988
8976,0.7245399999999996
5100,0.5658999999999997
4811,0.746
344,0.4202799999999998
3049,0.7279099999999998
14963,0.1493799999999999
471,0.4474200000000001
11937,0.7040900000000001
5255,0.6742700000000003
7895,0.6035700000000003
13809,0.6960200000000002
12900,0.6833000000000002
5353,0.69006
7706,0.7421599999999998
8081,0.76972
10515,0.7378699999999996
5778,0.7023100000000005
5076,0.7334199999999998
12539,0.17652
3269,0.68699
7165,0.6598099999999999
2473,0.8117800000000007
8096,0.6166499999999997
4408,0.72165
2374,0.7558499999999997
8760,0.7564388888888891
1863,0.1966400000000001
1997,0.39070999999999984
4534,0.3095399999999999
5441,0.7287799999999999
11644,0.7401800000000006
552,0.7709199999999999
5599,0.3707399999999999
2780,0.74822
9413,0.5945800000000002
14308,0.12235000000000003
4767,0.7539300000000008
7050,0.6891699999999998
5440,0.63011
14203,0.6810799999999996
13881,0.6163100000000005
14149,0.34202999999999983
5980,0.6781900000000006
11029,0.7973000000000005
14927,0.41124999999999995
14240,0.41826
13902,0.38870000000000055
14633,0.8269400000000001
2964,0.5228499999999997
7689,0.66763
3727,0.47294999999999987
2806,0.42763000000000007
1647,0.43716
13484,0.6278888888888889
9804,0.6854100000000001
4616,0.7044400000000004
11946,0.7826690909090905
735,0.7263000000000006
9504,0.7150700000000002
11771,0.5213599999999996
14028,0.7516199999999995
2065,0.4200600000000002
12894,0.7010090909090902
12433,0.7394499999999996
2077,0.7397999999999996
10809,0.5349299999999998
10383,0.7572799999999996
13073,0.42955999999999994
10974,0.4317699999999999
3323,0.7692299999999996
3984,0.7789800000000003
5230,0.6141700000000001
14870,0.7250799999999998
2087,0.7726199999999994
11354,0.6841300000000001
12464,0.8172099999999999
4722,0.73725
8724,0.5326100000000001
10467,0.3745500000000002
11998,0.3866500000000003
2914,0.6932699999999999
1930,0.7570699999999994
1219,0.8085411249999999
11335,0.5423800000000001
3245,0.5956299999999995
3435,0.51658
13962,0.8946100000000006
3101,0.8695311111111117
875,0.15819999999999992
14219,0.8294999999999999
1003,0.4234899999999999
12088,0.44537000000000015
14867,0.7823700000000002
9219,0.6121399999999997
9417,0.5069799999999999
1685,0.8291200000000003
7178,0.7516399999999998
3559,0.4428499999999998
4520,0.46413
7028,0.6689007692307696
11713,0.7561499999999998
8534,0.7353100000000002
14019,0.5895600000000004
6490,0.5714588888888891
10199,0.4404000000000003
838,0.7966199999999999
9586,0.74007
6213,0.7049499999999997
4727,0.7280399999999995
14074,0.69135
9041,0.554199166666667
8020,0.6389499999999999
12912,0.3951999999999998
9738,0.5508700000000002
7777,0.7525400000000001
4128,0.4522300000000001
2588,0.5383599999999998
14600,0.4872599999999999
7465,0.7077100000000002
9720,0.6815500000000004
6336,0.7845200000000001
7653,0.7750800000000002
7768,0.54768
3144,0.7150399999999999
12917,0.8556051403508775
7591,0.7414099999999998
2605,0.6992400000000001
14680,0.42229999999999995
12033,0.39138
6831,0.69176
6656,0.4315100000000001
1118,0.8385200000000004
1998,0.8508100000000001
4487,0.7473099999999999
9599,0.7185700000000002
9718,0.7116299999999994
10094,0.7644999999999997
8456,0.35139
3034,0.7382299999999995
13074,0.6827500000000005
3081,0.7089500000000002
5329,0.7103199999999998
7705,0.6336999999999998
4340,0.5678199999999998
12026,0.7776800000000003
9478,0.6357500000000001
4786,0.7010100000000001
14295,0.12108000000000001
4574,0.7288900000000007
11374,0.8848599999999993
13253,0.7573000000000001
4256,0.71915
9577,0.7598999999999999
11487,0.7300899999999996
12772,0.37777
6753,0.6576499999999998
11000,0.5171100000000002
1071,0.5474399999999997
12687,0.12503000000000009
4564,0.5879299999999997
12319,0.44048999999999966
14489,0.13030176923076917
12315,0.7956700000000003
10171,0.45771000000000006
11352,0.6350499999999998
1464,0.12178000000000011
12951,0.7955699999999999
10799,0.7118000000000005
4605,0.68526
4822,0.49625000000000014
12012,0.8210490000000001
10364,0.4397399999999998
3822,0.6336900000000002
7731,0.6566499999999996
8799,0.4064400000000002
3863,0.6785000000000001
4048,0.4701600000000001
2302,0.6492600000000001
6138,0.7328700000000002
2668,0.7974899999999999
8943,0.5110200000000001
13517,0.5533699999999999
2759,0.6666300000000003
3188,0.72895
5197,0.7075100000000001
242,0.3907600000000002
7112,0.6850300000000005
8252,0.82613
5057,0.7360499999999999
2933,0.7508599999999995
9875,0.50264
9487,0.5976200000000003
5323,0.69271
10605,0.6699511111111107
84,0.12215999999999998
7775,0.5845300000000002
12650,0.4097899999999999
2535,0.7131800000000001
2864,0.7763199999999997
290,0.41486999999999974
39,0.4280909999999999
2766,0.7198100000000003
2702,0.6868199999999998
8635,0.6016400000000002
2510,0.74874
8693,0.7426000000000006
2142,0.7549999999999991
12043,0.12192000000000008
12606,0.42738999999999977
4058,0.6847299999999998
10353,0.6681399999999996
1744,0.4174699999999998
4668,0.7288799999999998
8718,0.6760099999999996
3103,0.8264399999999996
2030,0.7139200000000001
4000,0.7568699999999997
8118,0.7312699999999999
7692,0.6517099999999998
938,0.14865
10895,0.7596990000000003
13219,0.6516600000000001
14610,0.15264999999999992
1772,0.7830599999999999
5091,0.6721499999999999
11917,0.7809220202020208
4894,0.5065799999999997
540,0.4415699999999998
4153,0.7164099999999999
7569,0.7851500000000005
13137,0.7188800000000001
2401,0.7070500000000002
12690,0.41592999999999997
10242,0.6739899999999999
8956,0.7364100000000002
5235,0.35245999999999994
12061,0.12936000000000003
6111,0.59442
3477,0.6266300000000001
5706,0.7061499999999999
5949,0.4275899999999999
11044,0.7968599999999998
9272,0.6300099999999998
12536,0.11792
14471,0.4271099999999995
11071,0.7580199999999998
1134,0.3801199999999998
12229,0.8282900000000002
5611,0.56954
4712,0.65964
3772,0.65365
13986,0.7299499999999999
6120,0.6144800000000002
13649,0.5847100000000001
13391,0.7447499999999998
6545,0.7937099999999998
4753,0.7203099999999998
5753,0.6651799999999998
7754,0.71918
7303,0.6989900000000006
6633,0.7522199999999999
3535,0.7022107692307693
8138,0.60092
3371,0.69747
76,0.14418000000000006
2630,0.7314000000000002
7616,0.6636200000000002
11548,0.58561
5303,0.7697300000000002
3247,0.65633
356,0.39231999999999995
13911,0.7462800000000002
268,0.3949299999999999
5259,0.63876
12348,0.14918302020202012
1469,0.5620299999999999
7368,0.6731800000000002
2494,0.7966299999999994
12517,0.15826928571428575
6245,0.7522000000000001
8021,0.6613500000000003
11802,0.6591799999999999
14168,0.6984799999999994
4936,0.5812411111111112
1731,0.41375999999999985
8334,0.7674800000000006
4603,0.6832400000000007
921,0.4123199999999998
523,0.7289700000000002
10656,0.7621899999999999
12964,0.40574000000000005
5470,0.6968399999999998
5881,0.8058600000000001
12997,0.7363499999999994
14023,0.6654700000000002
8505,0.7492399999999999
8025,0.7141299999999999
175,0.6526099999999998
9393,0.7132899999999995
8785,0.7300899999999996
2662,0.71503
9475,0.7148799999999998
6636,0.773731111111111
10608,0.8591299999999993
10846,0.63764
11086,0.6001299999999994
1433,0.4032200000000001
12212,0.8209100000000008
1172,0.3897400000000002
932,0.4197900000000002
13338,0.61635
14241,0.1671899999999999
4622,0.6383199999999998
9681,0.6889700000000002
10754,0.7270999999999996
4444,0.3353400000000001
6743,0.7078499999999996
432,0.40167999999999987
12986,0.6104499999999998
14093,0.5558099999999999
7644,0.6799499999999999
7444,0.6823091666666664
9652,0.5073499999999995
11660,0.6884999999999997
8160,0.5289500000000005
6784,0.65492
9930,0.7654800000000002
10282,0.7488199999999995
4385,0.7188499999999999
7276,0.8018399999999997
11936,0.6548299999999999
10902,0.82947
11647,0.4627199999999997
9719,0.6849699999999999
6397,0.7716999999999992
9717,0.6567799999999998
11814,0.507
14200,0.7824500000000009
9922,0.5933200000000004
8603,0.6782299999999999
6278,0.7595300000000003
185,0.4268599999999999
14785,0.44874999999999976
7817,0.7461299999999998
8513,0.5523899999999998
7656,0.5996010000000003
2739,0.6109599999999997
10331,0.45483999999999974
10407,0.74677
12219,0.8118300000000002
2465,0.6334700000000002
13622,0.5283899999999996
10582,0.6759499999999997
8369,0.7041
4526,0.7135600000000006
2286,0.8002900000000003
5628,0.7723700000000002
14586,0.81428
854,0.7349200000000004
6436,0.7208899999999998
10854,0.7305499999999998
776,0.15087999999999993
5743,0.6675000000000001
14294,0.7249499999999997
9694,0.5411400000000001
1328,0.114738888888889
12445,0.1568400000000001
4970,0.53782
9954,0.6966199999999999
6533,0.6987899999999998
5308,0.70319
2644,0.8125699999999998
13333,0.6706699999999999
6343,0.7659300000000003
12379,0.7760588888888889
13060,0.7491499999999996
6747,0.72765
13675,0.6470599999999997
5905,0.6604099999999995
7116,0.5793699999999998
13924,0.7676299999999998
2613,0.7581199999999997
2444,0.6791800000000001
9971,0.6537100000000001
4883,0.6813400000000001
8028,0.6357599999999999
254,0.7141799999999999
11412,0.6212800000000002
10408,0.6064200000000002
11019,0.6851699999999993
6046,0.7537599999999991
2336,0.7484700000000002
13829,0.7542800000000001
9688,0.7082000000000002
6738,0.6200610000000002
6021,0.67304
7850,0.7226399999999998
415,0.4288500000000002
6741,0.7546699999999997
12451,0.8090699999999998
10375,0.7906199999999992
6101,0.6834699999999998
5765,0.691
11826,0.6692888888888886
2955,0.5682299999999995
11004,0.7520800000000004
3226,0.7721000000000001
1792,0.41423000000000004
2433,0.6920100000000001
10631,0.694
4776,0.5914800000000001
5373,0.6514499999999995
12980,0.76346
5856,0.51333
11135,0.6094099999999999
5596,0.5939
7846,0.6380200000000003
4295,0.6688300000000003
5870,0.7487200000000002
13817,0.5152100000000004
5331,0.71698
8742,0.7110399999999996
11173,0.8411600000000008
14588,0.4229900000000002
1006,0.4421199999999999
7931,0.3959499999999999
7751,0.7823299999999996
8744,0.5864300000000005
9895,0.7704400000000003
13499,0.5737399999999996
2130,0.7347300000000004
10947,0.7461400000000008
2628,0.7163299999999999
11242,0.6767200000000001
10929,0.2674709999999999
990,0.14998999999999993
8501,0.7437699999999999
9742,0.75764
14054,0.6778500000000003
297,0.4147000000000001
12387,0.20175000000000007
14462,0.7550100000000005
10532,0.6882700000000004
11355,0.8571499999999994
2082,0.4665999999999999
4004,0.4194600000000001
12235,0.793360000000001
4265,0.4604200000000002
13440,0.64469
4513,0.4506899999999998
3800,0.7897799999999999
2237,0.6848399999999999
1064,0.7141900000000008
6712,0.7362199999999999
879,0.8079599999999998
14591,0.41925999999999997
14062,0.7542400000000004
2210,0.4282600000000006
13914,0.6926699999999993
7008,0.5588789523809528
10281,0.48742999999999964
1573,0.4119600000000003
6335,0.7311399999999999
10657,0.69884
13397,0.7326
14072,0.6788299999999995
1109,0.7548
9015,0.8141588888888893
10117,0.4041199999999999
5660,0.7420299999999999
5842,0.7834599999999999
13266,0.5763500000000005
4512,0.7787100000000007
11342,0.5459500000000002
11527,0.5739500000000004
11008,0.6505000000000001
6914,0.74332
14409,0.12431000000000009
14101,0.42172999999999994
9391,0.48800000000000027
6427,0.7497399999999997
3175,0.7213500000000006
10213,0.6622900000000004
13926,0.41617000000000004
7837,0.48800000000000004
8276,0.8058299999999998
4982,0.5122300000000003
591,0.6801500000000003
14637,0.7805599999999998
13249,0.79616
3091,0.61685
9178,0.7037599999999996
3557,0.7217000000000001
12083,0.7538399999999998
10053,0.6687199999999994
9223,0.36961
13539,0.5715200000000003
4132,0.6568900000000001
3565,0.6716099999999997
5840,0.7228599999999998
9910,0.5448900000000002
8069,0.6552199999999996
12335,0.4144700000000001
10573,0.4416600000000001
12363,0.7866899999999998
12924,0.7240099999999999
12472,0.8331099999999999
2420,0.46082000000000023
10601,0.7743300000000002
12341,0.41593999999999987
3659,0.6023300000000003
1915,0.41515999999999986
3465,0.6469210000000003
3695,0.6892600000000002
3622,0.6285299999999998
9757,0.5219900000000003
14933,0.12275111111111109
2611,0.75238
5933,0.7084299999999999
10197,0.45771999999999996
3757,0.7344707142857139
7449,0.5907399999999998
7678,0.5798199999999996
12543,0.7998899999999998
7675,0.7296500000000004
8968,0.6064090000000002
8359,0.5782899999999999
9775,0.81407
2273,0.73729
14858,0.4468700000000003
5540,0.6524499999999999
12557,0.41096
1454,0.50605
5334,0.7393199999999996
797,0.27075000000000005
6231,0.7369499999999995
5262,0.55147
7599,0.6907000000000001
2005,0.6829999999999998
7273,0.61849
1972,0.42448999999999965
11726,0.6190200000000001
2447,0.6850600000000003
5458,0.7019399999999999
7794,0.30822000000000016
8833,0.5018300000000002
5426,0.6817200000000002
8147,0.6713299999999998
464,0.8213499999999995
914,0.6220999999999998
11886,0.6193799999999999
1077,0.7866500000000005
2688,0.33688111111111096
3590,0.7520799999999999
4566,0.5840400000000002
5890,0.7223200000000002
12735,0.7244500000000004
8071,0.7345600000000004
13624,0.7814099999999997
11424,0.7143800000000001
4529,0.6400699999999999
9229,0.6987100000000005
2953,0.71301
14344,0.39195999999999986
1214,0.13847
10128,0.7385799999999999
2331,0.7284900000000004
6337,0.4937500000000001
12984,0.7371099999999999
1343,0.41869
6240,0.6560500000000004
12971,0.6848800000000003
2654,0.5166499999999996
11642,0.7043599999999999
4803,0.50337
3223,0.6694900000000003
1388,0.6833799999999993
4862,0.7662799999999999
6077,0.7969499999999999
3776,0.6727100000000001
12436,0.1408899999999999
12898,0.8873700000000011
11251,0.6752200000000002
7600,0.7429700000000006
2659,0.65834
11728,0.76201
478,0.7687993749999998
6669,0.59765
14459,0.8099400000000003
7329,0.763
2519,0.7108699999999999
13765,0.6479499999999997
14020,0.7554900000000001
13444,0.64636
12977,0.7288999999999999
10309,0.6744099999999997
5708,0.8040400000000002
2529,0.6518699999999997
12513,0.14246999999999999
922,0.4198199999999999
1314,0.4229099999999999
4581,0.7242700000000001
6957,0.5445
410,0.3153000000000004
11716,0.6694999999999989
8841,0.45930999999999983
2989,0.5038000000000001
8437,0.5445899999999995
14538,0.8197300000000003
8189,0.7139399999999999
5405,0.6835499999999998
6651,0.7029
8814,0.6078600000000005
9737,0.4721500000000001
9007,0.6895099999999998
3681,0.5908500000000001
7450,0.7101699999999999
4925,0.7106600000000004
12649,0.40772000000000014
4051,0.5802800000000001
3666,0.7770099999999998
6244,0.5508399999999999
5109,0.69761
12074,0.16959
3123,0.6728299999999996
11607,0.6683399999999999
7365,0.6954600000000005
1129,0.12380000000000009
3966,0.6834899999999997
7845,0.44786000000000015
13943,0.5728800000000002
12720,0.37351999999999974
503,0.39434
7734,0.5779299999999993
8208,0.7435799999999999
3417,0.5635999999999999
12559,0.13191000000000005
2398,0.5667399999999998
5716,0.5229400000000002
13692,0.7197500000000001
3434,0.57845
1225,0.4305199999999998
10100,0.60519
14621,0.39551000000000025
6181,0.6820700000000001
5725,0.35072000000000036
5055,0.6084899999999999
9894,0.7439999999999998
7030,0.5665000000000002
5639,0.71672
14502,0.7969899999999995
11661,0.49961999999999995
3823,0.7439699999999992
2831,0.7010099999999998
6508,0.7933700000000004
13469,0.6175400000000001
12455,0.40580999999999984
3009,0.7721999999999999
10951,0.4320499999999998
702,0.4135200000000003
10194,0.7037500000000001
1715,0.42173
2821,0.39907000000000026
7549,0.35073
889,0.11220000000000001
1526,0.7784900000000003
588,0.7814399999999996
14493,0.7683599999999996
740,0.11710000000000008
14184,0.7014999999999998
533,0.41239
10973,0.6715500000000002
2319,0.73082
13448,0.3429799999999999
9721,0.8339899999999997
5541,0.5209200000000002
798,0.16194999999999987
5163,0.69178
6788,0.6288400000000001
7229,0.6391300000000005
781,0.8126299999999993
8865,0.7544300000000002
11473,0.42188999999999943
4110,0.7223400000000001
12958,0.5869799999999996
9994,0.7259099999999995
12287,0.14332000000000003
7870,0.5284100000000002
232,0.21809999999999996
14816,0.7925600000000003
11066,0.8125399999999999
13928,0.6620599999999998
1152,0.4501899999999997
3719,0.6183000000000001
5823,0.6819999999999999
14662,0.8293400000000003
9692,0.7020199999999996
12915,0.45037999999999967
2642,0.6963399999999996
2404,0.70818
9594,0.7222300000000001
7547,0.6627799999999996
14806,0.18060999999999997
4842,0.7377299999999997
4134,0.7094999999999998
12094,0.12508
8016,0.7404600000000001
8152,0.7039099999999996
5486,0.6993799999999996
437,0.41762999999999983
10790,0.5290000000000004
1704,0.41005999999999987
8920,0.6812200000000003
9356,0.6034799999999999
4076,0.6603999999999999
9615,0.43227000000000015
9878,0.48759
11811,0.7796500000000002
4711,0.69881
9940,0.8370400000000002
8989,0.68844
1005,0.7217611111111109
11470,0.7158700000000005
9136,0.7494800000000003
6592,0.6447199999999996
1688,0.4035599999999999
12314,0.13884888888888883
2321,0.6637385454545454
1014,0.38941000000000003
13978,0.8536199999999988
6047,0.7649600000000002
7186,0.5470799999999998
9443,0.7138399999999996
13075,0.7449199999999996
4449,0.4930300000000002
9974,0.63445
3260,0.7126099999999996
2247,0.6567600000000006
4816,0.6999799999999996
11796,0.6253900000000001
1748,0.7069300000000005
13870,0.3983399999999999
6904,0.7541999999999998
517,0.14084999999999998
5324,0.7284099999999993
13523,0.7872900000000002
10048,0.7073700000000003
10271,0.6449499999999998
9492,0.48438000000000014
10990,0.6894800000000001
7471,0.7958599999999998
7025,0.7571199999999996
10388,0.7161899999999995
9166,0.6399199999999999
2885,0.6608599999999999
4789,0.7412700000000001
11357,0.7773699999999999
9186,0.71395
13683,0.7580999999999999
11692,0.72598
8161,0.5376899999999996
2298,0.4281899999999998
3369,0.7054599999999998
118,0.42832000000000003
9754,0.7402299999999999
3513,0.7127899999999997
13681,0.7588299999999998
2865,0.7657099999999999
10066,0.5772900000000003
14418,0.8057000000000001
3180,0.70069
6777,0.7592400000000004
13753,0.7510399999999996
5246,0.65192
10775,0.60482
2687,0.7182600000000002
12477,0.12342000000000003
5185,0.7081999999999999
1168,0.76193
13581,0.40398
14820,0.13817000000000004
6573,0.7119500000000001
10366,0.5366399999999999
7874,0.7230899999999998
14331,0.4167899999999999
1893,0.155391
6243,0.6299100000000002
6356,0.6630799999999998
8781,0.7116500000000002
9073,0.73308
10665,0.6948899999999998
11605,0.47997999999999996
13305,0.7011399999999999
8092,0.6015899999999994
1016,0.4023199999999998
7200,0.6831999999999998
601,0.8323200000000003
4040,0.7458800000000002
4021,0.43247
6818,0.6695100000000003
4202,0.7039499999999999
6956,0.7297799999999997
13161,0.6473200000000001
7498,0.7572900000000002
970,0.4402900000000002
7799,0.46337100000000014
1261,0.41777999999999993
11606,0.5385499999999996
4457,0.5969000000000001
3191,0.7623100000000003
310,0.13041999999999995
5614,0.7452499999999997
10324,0.4081499999999998
181,0.1531900000000002
14046,0.45537999999999995
1585,0.73844
13802,0.6162699999999997
1509,0.4237700000000001
1108,0.12649000000000007
1031,0.4355300000000004
8780,0.6866099999999997
14155,0.8105399999999999
14509,0.4227107692307694
12159,0.4042499999999998
1628,0.40082999999999996
10034,0.7446600000000005
11250,0.6074100000000002
14066,0.6730299999999998
12895,0.5250182307692309
10859,0.7412400000000006
13698,0.8002800000000001
11202,0.5348899999999998
4772,0.75143
10776,0.7949100000000004
6977,0.7030899999999997
10696,0.7889500000000002
4864,0.6648499999999998
14151,0.5292288888888893
14260,0.45038999999999996
11468,0.7809999999999997
3788,0.7399799999999997
1034,0.2185500000000001
5795,0.6077399999999998
9118,0.70857
9179,0.6323611111111113
2767,0.5776399999999992
13980,0.7147600000000002
5394,0.69769
1434,0.41328000000000004
10877,0.6895000000000002
7387,0.54823
6730,0.5354399999999999
11077,0.8367899999999999
5333,0.6323600000000007
6255,0.3963800000000001
1592,0.47864000000000023
8088,0.7114899999999997
14117,0.6736299999999998
11528,0.7742999999999999
13135,0.65205
14791,0.39653999999999995
4886,0.7112199999999995
8885,0.7302400000000004
10747,0.56841
14458,0.4283800000000001
7472,0.7343900000000001
741,0.5433999999999998
12706,0.8109800000000001
2450,0.7427400000000002
5843,0.7099299999999996
11531,0.616080000000001
7908,0.5484699999999999
7376,0.46551999999999993
5179,0.4426899999999999
5712,0.5490999999999999
9077,0.8098900000000002
8010,0.5480799999999998
8819,0.7767189999999999
4713,0.7198299999999999
4636,0.6673199999999996
5118,0.7546500000000003
7255,0.5088299999999999
3020,0.67825
386,0.13899
3510,0.7087700000000002
4013,0.6443699999999997
13399,0.7654000000000002
10372,0.7995199999999998
2903,0.20198100000000005
8455,0.6388700000000004
655,0.8141700000000002
6520,0.49142
11597,0.6033499999999994
7440,0.70268
1180,0.8166699999999999
3755,0.7651600000000001
7432,0.7364299999999999
3372,0.78487
8310,0.5205300000000003
1855,0.7714800000000004
2051,0.72137
8454,0.6768799999999999
13343,0.4327999999999998
4208,0.7256799999999997
4554,0.7259599999999999
3720,0.7807999999999999
14105,0.6700699999999999
13746,0.7001800000000005
10287,0.5305
4002,0.7036500000000003
11592,0.6480799999999997
14435,0.4263400000000002
6532,0.7047399999999997
9324,0.6900790909090908
8080,0.7703599999999998
12210,0.44595000000000007
2345,0.5557500000000002
13351,0.5204399999999995
6980,0.7426200000000003
3186,0.72327
14686,0.4289699999999999
6323,0.7446600000000003
8646,0.6430900000000004
2505,0.7592099999999998
468,0.8548300000000004
9714,0.6853299999999996
13569,0.77302
10401,0.7318300000000003
4151,0.7436000000000003
1403,0.7735100000000003
6725,0.40767000000000003
11519,0.7593693333333333
3030,0.7801299999999998
5955,0.7445499999999998
9977,0.7291099999999999
7385,0.6511899999999997
6051,0.6766499999999996
2609,0.7058799999999998
764,0.72864
11211,0.5364899999999997
8492,0.60027
8591,0.4693700000000001
3087,0.3510499999999999
11315,0.6542799999999999
12839,0.77718
3853,0.7886999999999995
4463,0.47555
10983,0.5337499999999998
1576,0.6341988888888894
6524,0.7040400000000001
2607,0.6126500000000005
628,0.7779699999999999
8355,0.4170299999999998
1385,0.42127000000000026
9518,0.7111599999999996
11903,0.9198999999999989
14111,0.7166799999999992
6990,0.7094300000000001
11974,0.5547700000000001
11611,0.59163
14560,0.4362499999999999
12161,0.8498299999999994
12372,0.42053999999999986
107,0.47737000000000057
10412,0.4083400000000001
5004,0.8110788888888887
13480,0.7380600000000004
87,0.4154499999999997
10571,0.56336
6277,0.6292500000000001
6841,0.6873199999999998
9361,0.8965100000000004
4158,0.5169499999999999
5500,0.6836399999999999
13028,0.43310999999999944
10952,0.48094999999999993
5048,0.6547
1598,0.7472500000000004
4159,0.8527999999999999
240,0.11249000000000002
10969,0.7029399999999997
9509,0.7354700000000001
12234,0.5885699999999998
12863,0.31837000000000026
7920,0.5011199999999996
10890,0.6374200000000008
2683,0.61269
12486,0.4145799999999999
11824,0.73821
6357,0.49577000000000004
2304,0.6947400000000004
7132,0.5204999999999994
9800,0.64652
5490,0.5096899999999998
14306,0.3968400000000002
1112,0.15324999999999986
10772,0.6883399999999993
939,0.41566000000000025
3471,0.7041900000000004
3203,0.6362200000000001
5269,0.52517
6098,0.7739099999999999
4496,0.8082600000000001
11181,0.4108000000000002
78,0.3876200000000001
10655,0.8646699999999992
7666,0.8244599999999997
6966,0.7915400000000004
14516,0.41339000000000004
14673,0.7432900000000007
6919,0.5668900000000001
2986,0.8149499999999997
12946,0.6607499999999996
11226,0.6673299999999993
1908,0.7944100000000001
3576,0.7375000000000002
14042,0.7785
506,0.84363
9951,0.6822999999999998
1737,0.15705999999999987
13380,0.7075400000000003
8331,0.5293099999999998
9846,0.7514991666666667
12361,0.7846999999999995
14790,0.4536100000000002
5385,0.69735
11893,0.67141
9611,0.6804200000000001
7552,0.6127099999999999
6908,0.6147899999999996
13766,0.5942599999999999
1001,0.14726999999999998
6403,0.5267700000000002
8073,0.6414499999999999
4397,0.73366
2366,0.5425300000000002
782,0.8330216666666667
12647,0.43143999999999977
8349,0.5605899999999999
200,0.6534199999999997
9105,0.7007199999999999
1236,0.4532899999999996
3594,0.7349900000000003
7673,0.7514199999999999
2383,0.7372599999999997
4234,0.6817700000000003
12239,0.13096
8581,0.69381
140,0.1669499999999999
2754,0.6876699999999998
807,0.8161600000000003
14844,0.40306
3865,0.7007999999999996
2685,0.6531899999999999
566,0.1371600000000001
9957,0.54011
2614,0.7900400000000002
3261,0.5733100000000002
14322,0.1399600000000001
7674,0.4776999999999997
4255,0.7663199999999994
6746,0.5363
10946,0.7057399999999997
14025,0.5563199999999999
8839,0.6426099999999999
1090,0.4176400000000003
2679,0.4973000000000002
4745,0.6217009999999997
14946,0.3769299999999996
4580,0.7726499999999997
12773,0.42726000000000014
6878,0.7307299999999999
8366,0.6706200000000004
9271,0.6652600000000003
559,0.1209490000000001
13027,0.8344999999999996
14400,0.41918999999999995
7364,0.50169
9399,0.5184099999999996
7546,0.6954699999999999
13583,0.7160299999999994
1720,0.8074800000000002
5001,0.7113699999999997
322,0.4993700000000003
3214,0.750640769230769
14439,0.7909891666666664
1086,0.6854892857142861
8094,0.7208
2192,0.7152800000000002
10367,0.68069
12405,0.5943899999999998
9829,0.7991900000000003
12759,0.4010900000000001
1140,0.7473099999999999
12619,0.40710999999999997
4470,0.5796599999999998
11095,0.7237699999999999
1801,0.13922000000000018
2822,0.70883
12948,0.6724800000000002
13853,0.6737300000000005
11925,0.44022999999999995
5000,0.5672699999999995
12908,0.8308699999999993
5694,0.7249800000000001
10307,0.7627400000000004
2460,0.6428799999999998
13536,0.4146799999999998
6916,0.7929500000000005
13918,0.6590799999999999
3610,0.66609
7406,0.7550199999999996
12429,0.42461000000000004
9190,0.7486799999999999
8980,0.6736900000000006
3774,0.59688
14285,0.16959
5027,0.6
3775,0.67568
6329,0.5319599999999998
14808,0.16492000000000004
239,0.1123300000000001
10006,0.77263
4459,0.6279400000000003
2340,0.6923600000000002
10419,0.71029
5311,0.7408000000000001
1408,0.39679999999999976
2357,0.7022499999999999
13819,0.32036000000000014
12136,0.1576300000000002
5194,0.5078499999999998
1757,0.39946
9677,0.7288699999999997
1280,0.45188999999999985
2295,0.75064
9059,0.34658
10021,0.6461399999999997
5307,0.5698800000000002
10552,0.6903900000000002
14059,0.64036
6728,0.4848200000000002
10111,0.6107
12117,0.17518111111111118
14972,0.1379000000000001
6574,0.6722700000000006
3142,0.75386
9629,0.3893200000000001
11191,0.7081699999999997
182,0.8314000000000007
13689,0.7529300000000002
2966,0.6544599999999999
6129,0.75594
14913,0.4074499999999999
7159,0.6091700000000003
7509,0.6703699999999999
5330,0.7574100000000001
7370,0.66801
10416,0.55943
11700,0.7211299999999998
3700,0.7363999999999997
6955,0.6913900000000001
7758,0.6551200000000003
11373,0.6567299999999997
8550,0.68709
11563,0.71752
5945,0.5279099999999997
5195,0.7896300000000003
6488,0.7041899999999999
1244,0.12410000000000007
7358,0.6865299999999998
4942,0.5755099999999997
4769,0.6951800000000001
7446,0.6553000000000003
8291,0.68216
11542,0.7156699999999997
11108,0.8487099999999994
12564,0.4323500000000001
5622,0.7213600000000001
13531,0.7118088888888893
163,0.8391499999999997
6538,0.7671799999999999
1329,0.17133999999999996
4145,0.5400600000000001
9999,0.6297900000000001
3307,0.4324499999999999
3989,0.3845200000000002
8993,0.7629999999999997
3601,0.7295600000000004
8556,0.7162299999999999
12733,0.44128999999999974
4018,0.6348099999999997
11816,0.7325099999999999
3969,0.7073900000000001
12729,0.12672
7196,0.7124600000000002
14909,0.14709999999999998
4317,0.6688500000000002
106,0.8413199999999996
7789,0.67854
7222,0.6301000000000002
14332,0.4252099999999997
9946,0.5581500000000003
1925,0.5316999999999995
6386,0.72658
3042,0.7393599999999999
6219,0.71154
8965,0.6684300000000001
3318,0.71498
5417,0.6230900000000004
14051,0.5908500000000003
11003,0.7425800000000006
414,0.8077099999999998
11138,0.7733899999999998
8058,0.6186899999999999
11395,0.5763899999999998
11582,0.6101100000000003
3243,0.45100000000000046
5225,0.5626700000000003
10165,0.7694399999999998
5439,0.7354
13438,0.5443800000000002
6772,0.7540400000000004
12943,0.3912099999999994
6110,0.7909800000000001
4473,0.32391000000000003
14657,0.4350400000000002
2509,0.6674
5927,0.5368199999999996
5737,0.578791
7836,0.7391800000000001
10131,0.5978300000000005
2805,0.8480200000000002
532,0.15995000000000004
12044,0.14576000000000006
9031,0.7529300000000002
7457,0.6730699999999996
9035,0.7120099999999999
10248,0.6895700000000002
13967,0.5467699999999999
8991,0.7303499999999999
2335,0.74991
96,0.16313090909090908
1778,0.67782
6063,0.6992600000000003
2635,0.6862599999999999
5668,0.7045999999999998
2584,0.6922699999999999
10113,0.773
3399,0.4427200000000002
1298,0.4163399999999996
7747,0.7372500000000001
14944,0.79675
554,0.40387
6585,0.64319
102,0.44717000000000007
11430,0.6457799999999998
13430,0.4824
11779,0.7145699999999998
6320,0.5315100000000001
8322,0.67558
3843,0.49101999999999996
13803,0.6455999999999998
12242,0.3886
262,0.42739999999999995
9567,0.8144099999999994
12034,0.7845599999999999
6826,0.40916
14842,0.45347999999999955
2857,0.40014000000000016
10643,0.7752899999999996
8238,0.40430000000000016
14470,0.11002000000000002
14961,0.5371399999999996
3485,0.6934099999999997
429,0.41695
8050,0.7001299999999998
13303,0.6857699999999995
11853,0.6315500000000001
6085,0.7902399999999998
2838,0.5235000000000002
528,0.15350000000000003
14282,0.15712083333333327
4428,0.5581400000000007
11341,0.7809100000000002
6999,0.6579599999999995
4689,0.7206899999999998
1250,0.7996892857142858
1506,0.41979000000000033
4995,0.72944
95,0.37704999999999983
3598,0.20893000000000028
8434,0.5412600000000001
14013,0.6398900000000001
10221,0.6933399999999998
12847,0.7523999999999996
12036,0.43353999999999987
