ID,pred
25318,0
25319,0
25320,0
25321,1
25322,0
25323,0
25324,0
25325,0
25326,0
25327,0
25328,1
25329,0
25330,0
25331,0
25332,0
25333,0
25334,0
25335,0
25336,0
25337,0
25338,0
25339,0
25340,0
25341,0
25342,0
25343,0
25344,0
25345,0
25346,0
25347,0
25348,0
25349,0
25350,0
25351,0
25352,0
25353,0
25354,0
25355,1
25356,0
25357,0
25358,0
25359,0
25360,0
25361,0
25362,0
25363,0
25364,0
25365,0
25366,0
25367,0
25368,0
25369,0
25370,0
25371,0
25372,0
25373,0
25374,0
25375,0
25376,0
25377,0
25378,0
25379,0
25380,0
25381,0
25382,0
25383,0
25384,0
25385,0
25386,0
25387,0
25388,0
25389,0
25390,0
25391,0
25392,1
25393,0
25394,0
25395,0
25396,0
25397,0
25398,1
25399,0
25400,0
25401,0
25402,1
25403,0
25404,0
25405,1
25406,0
25407,0
25408,0
25409,0
25410,0
25411,0
25412,0
25413,1
25414,0
25415,0
25416,0
25417,0
25418,0
25419,0
25420,0
25421,0
25422,0
25423,0
25424,0
25425,0
25426,0
25427,0
25428,0
25429,0
25430,0
25431,0
25432,0
25433,0
25434,1
25435,0
25436,0
25437,0
25438,0
25439,0
25440,0
25441,1
25442,0
25443,0
25444,0
25445,0
25446,0
25447,0
25448,0
25449,0
25450,0
25451,0
25452,0
25453,0
25454,1
25455,0
25456,0
25457,1
25458,1
25459,0
25460,0
25461,0
25462,0
25463,0
25464,0
25465,0
25466,0
25467,0
25468,0
25469,0
25470,0
25471,0
25472,0
25473,0
25474,0
25475,0
25476,0
25477,0
25478,1
25479,0
25480,0
25481,0
25482,0
25483,0
25484,0
25485,0
25486,0
25487,0
25488,0
25489,0
25490,0
25491,0
25492,0
25493,0
25494,0
25495,0
25496,0
25497,0
25498,0
25499,0
25500,0
25501,0
25502,0
25503,0
25504,0
25505,1
25506,0
25507,0
25508,0
25509,0
25510,0
25511,0
25512,0
25513,0
25514,0
25515,0
25516,0
25517,0
25518,0
25519,0
25520,1
25521,0
25522,0
25523,1
25524,0
25525,0
25526,1
25527,0
25528,0
25529,0
25530,0
25531,0
25532,0
25533,0
25534,0
25535,0
25536,0
25537,0
25538,0
25539,1
25540,0
25541,0
25542,0
25543,0
25544,0
25545,0
25546,0
25547,0
25548,0
25549,0
25550,0
25551,0
25552,0
25553,0
25554,0
25555,0
25556,1
25557,0
25558,0
25559,0
25560,0
25561,0
25562,0
25563,0
25564,1
25565,0
25566,0
25567,0
25568,0
25569,0
25570,0
25571,1
25572,0
25573,0
25574,0
25575,0
25576,0
25577,0
25578,0
25579,0
25580,0
25581,0
25582,0
25583,1
25584,0
25585,1
25586,0
25587,0
25588,0
25589,0
25590,0
25591,0
25592,0
25593,0
25594,0
25595,1
25596,0
25597,0
25598,0
25599,0
25600,0
25601,0
25602,0
25603,0
25604,0
25605,0
25606,1
25607,0
25608,0
25609,0
25610,0
25611,0
25612,0
25613,0
25614,1
25615,0
25616,0
25617,0
25618,1
25619,0
25620,0
25621,0
25622,0
25623,0
25624,0
25625,0
25626,0
25627,0
25628,0
25629,0
25630,0
25631,1
25632,0
25633,0
25634,0
25635,0
25636,0
25637,0
25638,0
25639,0
25640,0
25641,0
25642,0
25643,0
25644,0
25645,0
25646,0
25647,0
25648,1
25649,1
25650,1
25651,0
25652,0
25653,0
25654,0
25655,0
25656,1
25657,0
25658,0
25659,0
25660,0
25661,0
25662,0
25663,0
25664,0
25665,0
25666,0
25667,0
25668,0
25669,0
25670,0
25671,0
25672,0
25673,0
25674,0
25675,0
25676,0
25677,0
25678,0
25679,0
25680,0
25681,0
25682,0
25683,0
25684,0
25685,0
25686,0
25687,0
25688,0
25689,0
25690,0
25691,0
25692,0
25693,0
25694,0
25695,0
25696,0
25697,0
25698,0
25699,0
25700,0
25701,0
25702,0
25703,0
25704,0
25705,0
25706,1
25707,0
25708,0
25709,0
25710,0
25711,0
25712,0
25713,0
25714,0
25715,0
25716,0
25717,0
25718,0
25719,1
25720,0
25721,0
25722,0
25723,1
25724,0
25725,0
25726,0
25727,0
25728,0
25729,0
25730,0
25731,0
25732,0
25733,0
25734,0
25735,0
25736,0
25737,0
25738,1
25739,0
25740,0
25741,0
25742,0
25743,0
25744,0
25745,0
25746,0
25747,0
25748,1
25749,0
25750,0
25751,0
25752,0
25753,0
25754,0
25755,0
25756,0
25757,0
25758,1
25759,0
25760,1
25761,0
25762,1
25763,0
25764,0
25765,0
25766,0
25767,0
25768,0
25769,0
25770,0
25771,1
25772,0
25773,0
25774,0
25775,0
25776,1
25777,0
25778,0
25779,1
25780,0
25781,0
25782,0
25783,0
25784,0
25785,1
25786,0
25787,0
25788,0
25789,0
25790,0
25791,0
25792,0
25793,0
25794,0
25795,1
25796,0
25797,0
25798,0
25799,1
25800,0
25801,0
25802,0
25803,0
25804,0
25805,0
25806,0
25807,0
25808,0
25809,0
25810,0
25811,1
25812,0
25813,0
25814,0
25815,0
25816,1
25817,0
25818,0
25819,0
25820,0
25821,0
25822,0
25823,1
25824,0
25825,0
25826,0
25827,0
25828,1
25829,1
25830,0
25831,1
25832,0
25833,0
25834,1
25835,0
25836,0
25837,0
25838,0
25839,1
25840,0
25841,1
25842,0
25843,0
25844,0
25845,1
25846,0
25847,0
25848,0
25849,0
25850,0
25851,0
25852,0
25853,0
25854,0
25855,0
25856,0
25857,0
25858,0
25859,0
25860,0
25861,0
25862,0
25863,0
25864,0
25865,0
25866,0
25867,0
25868,0
25869,0
25870,0
25871,0
25872,0
25873,0
25874,0
25875,0
25876,0
25877,0
25878,0
25879,0
25880,0
25881,0
25882,0
25883,0
25884,0
25885,0
25886,0
25887,0
25888,0
25889,0
25890,0
25891,0
25892,0
25893,0
25894,1
25895,0
25896,0
25897,0
25898,0
25899,0
25900,1
25901,0
25902,0
25903,0
25904,0
25905,0
25906,0
25907,0
25908,0
25909,0
25910,0
25911,0
25912,0
25913,1
25914,1
25915,0
25916,0
25917,0
25918,0
25919,0
25920,0
25921,0
25922,0
25923,0
25924,0
25925,0
25926,0
25927,0
25928,0
25929,1
25930,0
25931,0
25932,0
25933,0
25934,0
25935,0
25936,0
25937,0
25938,0
25939,0
25940,0
25941,0
25942,0
25943,0
25944,0
25945,0
25946,0
25947,0
25948,0
25949,0
25950,0
25951,0
25952,0
25953,0
25954,0
25955,0
25956,0
25957,0
25958,0
25959,0
25960,0
25961,0
25962,0
25963,0
25964,0
25965,0
25966,0
25967,0
25968,0
25969,0
25970,0
25971,0
25972,0
25973,0
25974,0
25975,0
25976,1
25977,0
25978,0
25979,0
25980,0
25981,0
25982,0
25983,0
25984,0
25985,0
25986,0
25987,1
25988,1
25989,0
25990,0
25991,0
25992,0
25993,1
25994,0
25995,0
25996,0
25997,0
25998,1
25999,0
26000,0
26001,0
26002,0
26003,1
26004,0
26005,0
26006,0
26007,0
26008,0
26009,0
26010,0
26011,0
26012,0
26013,0
26014,1
26015,0
26016,0
26017,0
26018,0
26019,1
26020,0
26021,0
26022,0
26023,0
26024,0
26025,0
26026,0
26027,0
26028,0
26029,0
26030,0
26031,0
26032,0
26033,0
26034,0
26035,0
26036,0
26037,0
26038,0
26039,0
26040,0
26041,0
26042,0
26043,0
26044,0
26045,0
26046,0
26047,0
26048,0
26049,0
26050,0
26051,0
26052,0
26053,0
26054,0
26055,0
26056,0
26057,1
26058,0
26059,0
26060,0
26061,0
26062,0
26063,0
26064,0
26065,0
26066,0
26067,0
26068,0
26069,0
26070,0
26071,0
26072,0
26073,0
26074,0
26075,0
26076,0
26077,0
26078,0
26079,0
26080,1
26081,0
26082,0
26083,1
26084,0
26085,0
26086,0
26087,0
26088,0
26089,0
26090,0
26091,0
26092,0
26093,0
26094,0
26095,0
26096,0
26097,0
26098,0
26099,0
26100,0
26101,0
26102,0
26103,1
26104,0
26105,0
26106,0
26107,0
26108,1
26109,0
26110,0
26111,0
26112,0
26113,0
26114,0
26115,0
26116,0
26117,1
26118,0
26119,0
26120,0
26121,0
26122,0
26123,0
26124,0
26125,0
26126,0
26127,0
26128,0
26129,0
26130,0
26131,0
26132,0
26133,0
26134,1
26135,1
26136,0
26137,0
26138,0
26139,0
26140,1
26141,0
26142,0
26143,0
26144,0
26145,0
26146,0
26147,0
26148,0
26149,0
26150,0
26151,0
26152,0
26153,0
26154,0
26155,0
26156,0
26157,0
26158,0
26159,0
26160,0
26161,0
26162,0
26163,0
26164,0
26165,0
26166,0
26167,0
26168,0
26169,1
26170,0
26171,0
26172,0
26173,0
26174,0
26175,0
26176,0
26177,0
26178,0
26179,0
26180,0
26181,0
26182,0
26183,1
26184,0
26185,0
26186,0
26187,0
26188,0
26189,0
26190,0
26191,0
26192,0
26193,1
26194,0
26195,0
26196,0
26197,0
26198,0
26199,0
26200,0
26201,0
26202,0
26203,0
26204,0
26205,0
26206,0
26207,0
26208,0
26209,0
26210,0
26211,0
26212,0
26213,0
26214,0
26215,0
26216,1
26217,0
26218,0
26219,0
26220,0
26221,0
26222,0
26223,0
26224,0
26225,0
26226,0
26227,0
26228,0
26229,0
26230,1
26231,0
26232,0
26233,0
26234,1
26235,0
26236,0
26237,0
26238,0
26239,0
26240,0
26241,0
26242,0
26243,0
26244,1
26245,0
26246,0
26247,0
26248,0
26249,0
26250,0
26251,0
26252,0
26253,0
26254,0
26255,0
26256,0
26257,0
26258,0
26259,0
26260,0
26261,1
26262,0
26263,0
26264,0
26265,0
26266,0
26267,0
26268,0
26269,1
26270,0
26271,0
26272,0
26273,0
26274,0
26275,0
26276,0
26277,0
26278,0
26279,0
26280,0
26281,0
26282,0
26283,0
26284,1
26285,0
26286,0
26287,0
26288,0
26289,0
26290,0
26291,1
26292,0
26293,0
26294,0
26295,0
26296,0
26297,0
26298,0
26299,0
26300,0
26301,0
26302,0
26303,0
26304,0
26305,0
26306,1
26307,0
26308,0
26309,0
26310,1
26311,0
26312,0
26313,0
26314,0
26315,0
26316,0
26317,0
26318,0
26319,0
26320,0
26321,0
26322,0
26323,0
26324,0
26325,0
26326,0
26327,0
26328,0
26329,0
26330,0
26331,0
26332,0
26333,0
26334,0
26335,0
26336,0
26337,0
26338,0
26339,0
26340,0
26341,0
26342,0
26343,0
26344,0
26345,0
26346,0
26347,0
26348,0
26349,1
26350,0
26351,0
26352,0
26353,0
26354,0
26355,0
26356,0
26357,0
26358,0
26359,0
26360,0
26361,0
26362,0
26363,0
26364,0
26365,0
26366,0
26367,0
26368,0
26369,0
26370,1
26371,1
26372,0
26373,0
26374,0
26375,0
26376,0
26377,0
26378,0
26379,0
26380,0
26381,1
26382,0
26383,0
26384,0
26385,0
26386,0
26387,0
26388,0
26389,0
26390,0
26391,0
26392,0
26393,0
26394,0
26395,0
26396,0
26397,0
26398,0
26399,0
26400,0
26401,0
26402,0
26403,1
26404,0
26405,0
26406,0
26407,0
26408,0
26409,0
26410,1
26411,0
26412,1
26413,0
26414,0
26415,0
26416,0
26417,0
26418,0
26419,0
26420,1
26421,0
26422,0
26423,1
26424,1
26425,0
26426,0
26427,0
26428,0
26429,0
26430,0
26431,0
26432,0
26433,0
26434,0
26435,0
26436,0
26437,0
26438,0
26439,0
26440,0
26441,0
26442,0
26443,0
26444,1
26445,0
26446,0
26447,0
26448,0
26449,1
26450,0
26451,0
26452,0
26453,0
26454,0
26455,0
26456,0
26457,1
26458,0
26459,0
26460,0
26461,0
26462,0
26463,0
26464,0
26465,0
26466,0
26467,0
26468,0
26469,0
26470,0
26471,0
26472,0
26473,0
26474,0
26475,0
26476,0
26477,1
26478,0
26479,0
26480,0
26481,0
26482,0
26483,0
26484,0
26485,1
26486,0
26487,1
26488,0
26489,0
26490,0
26491,0
26492,0
26493,0
26494,0
26495,0
26496,1
26497,0
26498,0
26499,0
26500,0
26501,0
26502,0
26503,0
26504,1
26505,0
26506,0
26507,0
26508,0
26509,1
26510,0
26511,0
26512,0
26513,0
26514,0
26515,0
26516,0
26517,0
26518,0
26519,0
26520,0
26521,0
26522,0
26523,0
26524,0
26525,0
26526,0
26527,0
26528,1
26529,0
26530,0
26531,0
26532,0
26533,0
26534,0
26535,0
26536,0
26537,1
26538,0
26539,0
26540,0
26541,0
26542,0
26543,0
26544,0
26545,0
26546,0
26547,0
26548,0
26549,0
26550,0
26551,0
26552,0
26553,1
26554,1
26555,0
26556,0
26557,0
26558,0
26559,1
26560,0
26561,0
26562,0
26563,0
26564,0
26565,0
26566,0
26567,0
26568,0
26569,0
26570,0
26571,0
26572,1
26573,1
26574,0
26575,0
26576,0
26577,0
26578,0
26579,0
26580,0
26581,1
26582,0
26583,0
26584,0
26585,0
26586,0
26587,0
26588,0
26589,0
26590,0
26591,0
26592,0
26593,0
26594,0
26595,0
26596,0
26597,0
26598,0
26599,0
26600,1
26601,0
26602,0
26603,0
26604,0
26605,0
26606,0
26607,0
26608,1
26609,0
26610,0
26611,0
26612,0
26613,1
26614,0
26615,0
26616,0
26617,0
26618,1
26619,0
26620,0
26621,0
26622,0
26623,0
26624,0
26625,0
26626,0
26627,0
26628,0
26629,0
26630,0
26631,0
26632,1
26633,1
26634,0
26635,0
26636,0
26637,0
26638,0
26639,0
26640,0
26641,0
26642,0
26643,0
26644,1
26645,0
26646,0
26647,0
26648,1
26649,0
26650,0
26651,0
26652,0
26653,0
26654,0
26655,1
26656,0
26657,0
26658,0
26659,0
26660,0
26661,0
26662,0
26663,0
26664,0
26665,0
26666,0
26667,0
26668,0
26669,0
26670,0
26671,0
26672,0
26673,0
26674,0
26675,0
26676,0
26677,0
26678,0
26679,0
26680,1
26681,0
26682,0
26683,0
26684,0
26685,0
26686,0
26687,0
26688,0
26689,0
26690,0
26691,0
26692,0
26693,0
26694,0
26695,0
26696,1
26697,0
26698,0
26699,0
26700,0
26701,0
26702,1
26703,0
26704,1
26705,0
26706,0
26707,0
26708,0
26709,0
26710,0
26711,0
26712,0
26713,0
26714,0
26715,0
26716,0
26717,0
26718,0
26719,0
26720,0
26721,0
26722,1
26723,0
26724,1
26725,0
26726,0
26727,0
26728,1
26729,0
26730,0
26731,1
26732,0
26733,0
26734,0
26735,0
26736,1
26737,0
26738,0
26739,0
26740,0
26741,0
26742,0
26743,0
26744,0
26745,0
26746,0
26747,0
26748,0
26749,0
26750,0
26751,0
26752,0
26753,0
26754,0
26755,0
26756,0
26757,0
26758,0
26759,1
26760,0
26761,0
26762,0
26763,0
26764,0
26765,1
26766,0
26767,0
26768,0
26769,0
26770,0
26771,0
26772,0
26773,0
26774,1
26775,0
26776,0
26777,0
26778,0
26779,0
26780,0
26781,0
26782,1
26783,0
26784,0
26785,0
26786,0
26787,0
26788,0
26789,0
26790,0
26791,1
26792,0
26793,0
26794,1
26795,0
26796,0
26797,0
26798,0
26799,0
26800,0
26801,0
26802,0
26803,0
26804,0
26805,0
26806,0
26807,0
26808,0
26809,0
26810,0
26811,0
26812,1
26813,0
26814,0
26815,0
26816,0
26817,0
26818,0
26819,0
26820,0
26821,0
26822,0
26823,0
26824,0
26825,0
26826,0
26827,0
26828,0
26829,0
26830,0
26831,0
26832,1
26833,0
26834,1
26835,0
26836,1
26837,0
26838,0
26839,0
26840,0
26841,0
26842,0
26843,0
26844,0
26845,0
26846,0
26847,0
26848,0
26849,0
26850,0
26851,1
26852,0
26853,0
26854,0
26855,0
26856,0
26857,0
26858,0
26859,0
26860,0
26861,0
26862,0
26863,0
26864,0
26865,0
26866,0
26867,0
26868,0
26869,0
26870,0
26871,0
26872,0
26873,0
26874,0
26875,0
26876,0
26877,0
26878,0
26879,0
26880,0
26881,0
26882,0
26883,0
26884,0
26885,0
26886,0
26887,0
26888,0
26889,0
26890,0
26891,0
26892,0
26893,0
26894,0
26895,0
26896,1
26897,0
26898,0
26899,0
26900,0
26901,0
26902,0
26903,0
26904,0
26905,0
26906,0
26907,0
26908,0
26909,0
26910,0
26911,0
26912,0
26913,0
26914,0
26915,0
26916,0
26917,0
26918,1
26919,0
26920,0
26921,0
26922,0
26923,0
26924,0
26925,0
26926,0
26927,0
26928,0
26929,0
26930,0
26931,0
26932,0
26933,0
26934,1
26935,0
26936,0
26937,0
26938,1
26939,0
26940,0
26941,0
26942,0
26943,0
26944,0
26945,0
26946,0
26947,0
26948,0
26949,0
26950,0
26951,0
26952,0
26953,0
26954,0
26955,0
26956,0
26957,1
26958,0
26959,0
26960,0
26961,0
26962,1
26963,0
26964,0
26965,0
26966,0
26967,0
26968,0
26969,0
26970,0
26971,0
26972,0
26973,0
26974,0
26975,0
26976,1
26977,0
26978,0
26979,0
26980,0
26981,0
26982,0
26983,0
26984,0
26985,0
26986,0
26987,0
26988,0
26989,0
26990,0
26991,1
26992,0
26993,0
26994,0
26995,0
26996,0
26997,0
26998,0
26999,0
27000,0
27001,0
27002,0
27003,0
27004,0
27005,0
27006,0
27007,0
27008,0
27009,0
27010,0
27011,0
27012,0
27013,0
27014,1
27015,0
27016,0
27017,0
27018,1
27019,0
27020,0
27021,1
27022,0
27023,0
27024,0
27025,0
27026,0
27027,0
27028,0
27029,0
27030,0
27031,0
27032,0
27033,0
27034,0
27035,0
27036,0
27037,0
27038,0
27039,0
27040,0
27041,0
27042,0
27043,0
27044,0
27045,0
27046,0
27047,0
27048,0
27049,0
27050,0
27051,0
27052,0
27053,0
27054,0
27055,0
27056,0
27057,1
27058,0
27059,0
27060,1
27061,0
27062,0
27063,0
27064,0
27065,0
27066,0
27067,0
27068,1
27069,1
27070,0
27071,0
27072,0
27073,0
27074,0
27075,0
27076,0
27077,0
27078,0
27079,0
27080,0
27081,0
27082,0
27083,0
27084,0
27085,0
27086,0
27087,0
27088,1
27089,0
27090,0
27091,0
27092,0
27093,0
27094,0
27095,0
27096,0
27097,0
27098,0
27099,0
27100,0
27101,0
27102,0
27103,0
27104,0
27105,0
27106,0
27107,0
27108,0
27109,0
27110,0
27111,0
27112,1
27113,0
27114,0
27115,0
27116,0
27117,0
27118,0
27119,0
27120,0
27121,0
27122,0
27123,0
27124,0
27125,0
27126,0
27127,0
27128,0
27129,1
27130,1
27131,0
27132,0
27133,1
27134,0
27135,0
27136,0
27137,0
27138,0
27139,0
27140,0
27141,0
27142,0
27143,0
27144,0
27145,0
27146,0
27147,0
27148,1
27149,0
27150,0
27151,0
27152,0
27153,0
27154,0
27155,0
27156,0
27157,0
27158,0
27159,0
27160,0
27161,0
27162,0
27163,0
27164,0
27165,0
27166,0
27167,1
27168,0
27169,0
27170,1
27171,0
27172,0
27173,0
27174,0
27175,0
27176,0
27177,0
27178,0
27179,0
27180,0
27181,0
27182,0
27183,0
27184,0
27185,0
27186,0
27187,0
27188,0
27189,0
27190,0
27191,0
27192,0
27193,0
27194,0
27195,1
27196,0
27197,0
27198,0
27199,0
27200,1
27201,1
27202,0
27203,0
27204,0
27205,0
27206,1
27207,0
27208,0
27209,0
27210,0
27211,0
27212,0
27213,0
27214,0
27215,0
27216,0
27217,0
27218,0
27219,0
27220,0
27221,0
27222,0
27223,0
27224,0
27225,0
27226,0
27227,0
27228,0
27229,0
27230,0
27231,0
27232,0
27233,0
27234,0
27235,0
27236,0
27237,0
27238,0
27239,0
27240,0
27241,0
27242,0
27243,1
27244,0
27245,0
27246,0
27247,0
27248,0
27249,0
27250,0
27251,1
27252,0
27253,0
27254,0
27255,0
27256,0
27257,0
27258,0
27259,0
27260,0
27261,0
27262,0
27263,0
27264,0
27265,0
27266,0
27267,0
27268,1
27269,0
27270,0
27271,0
27272,0
27273,0
27274,1
27275,0
27276,1
27277,0
27278,0
27279,0
27280,0
27281,0
27282,0
27283,0
27284,0
27285,0
27286,0
27287,0
27288,0
27289,0
27290,0
27291,0
27292,0
27293,0
27294,0
27295,0
27296,0
27297,1
27298,0
27299,0
27300,0
27301,0
27302,0
27303,0
27304,0
27305,0
27306,0
27307,0
27308,0
27309,0
27310,0
27311,0
27312,0
27313,0
27314,0
27315,0
27316,0
27317,1
27318,0
27319,0
27320,0
27321,1
27322,1
27323,0
27324,0
27325,1
27326,1
27327,0
27328,0
27329,0
27330,0
27331,0
27332,0
27333,0
27334,0
27335,0
27336,0
27337,0
27338,0
27339,1
27340,0
27341,0
27342,0
27343,0
27344,0
27345,0
27346,0
27347,0
27348,0
27349,1
27350,0
27351,0
27352,0
27353,0
27354,0
27355,0
27356,0
27357,0
27358,1
27359,0
27360,0
27361,0
27362,0
27363,0
27364,1
27365,0
27366,0
27367,0
27368,0
27369,1
27370,0
27371,0
27372,0
27373,0
27374,0
27375,0
27376,0
27377,0
27378,0
27379,0
27380,0
27381,0
27382,0
27383,0
27384,0
27385,0
27386,0
27387,0
27388,0
27389,0
27390,0
27391,0
27392,0
27393,0
27394,0
27395,0
27396,1
27397,0
27398,0
27399,0
27400,1
27401,0
27402,0
27403,0
27404,0
27405,0
27406,0
27407,0
27408,0
27409,0
27410,0
27411,0
27412,0
27413,0
27414,0
27415,0
27416,1
27417,0
27418,1
27419,0
27420,0
27421,0
27422,0
27423,0
27424,0
27425,0
27426,0
27427,0
27428,0
27429,0
27430,0
27431,0
27432,0
27433,0
27434,0
27435,0
27436,0
27437,0
27438,0
27439,0
27440,0
27441,0
27442,0
27443,1
27444,1
27445,0
27446,0
27447,0
27448,0
27449,0
27450,0
27451,0
27452,0
27453,0
27454,0
27455,0
27456,0
27457,0
27458,0
27459,0
27460,0
27461,0
27462,0
27463,0
27464,0
27465,0
27466,0
27467,0
27468,0
27469,0
27470,1
27471,0
27472,0
27473,0
27474,0
27475,0
27476,0
27477,0
27478,0
27479,0
27480,0
27481,0
27482,0
27483,0
27484,0
27485,1
27486,0
27487,0
27488,0
27489,0
27490,0
27491,0
27492,0
27493,0
27494,0
27495,0
27496,0
27497,0
27498,0
27499,0
27500,0
27501,0
27502,1
27503,0
27504,1
27505,0
27506,0
27507,0
27508,0
27509,0
27510,1
27511,0
27512,0
27513,0
27514,0
27515,0
27516,0
27517,0
27518,0
27519,0
27520,0
27521,1
27522,0
27523,0
27524,0
27525,0
27526,0
27527,0
27528,0
27529,0
27530,0
27531,0
27532,0
27533,1
27534,0
27535,0
27536,0
27537,0
27538,0
27539,0
27540,0
27541,0
27542,0
27543,0
27544,1
27545,1
27546,0
27547,0
27548,0
27549,0
27550,0
27551,0
27552,0
27553,0
27554,0
27555,0
27556,0
27557,0
27558,0
27559,0
27560,0
27561,0
27562,0
27563,1
27564,0
27565,0
27566,1
27567,0
27568,0
27569,0
27570,0
27571,1
27572,1
27573,1
27574,0
27575,0
27576,0
27577,0
27578,1
27579,0
27580,0
27581,0
27582,0
27583,0
27584,1
27585,0
27586,0
27587,0
27588,0
27589,0
27590,0
27591,0
27592,0
27593,0
27594,0
27595,0
27596,0
27597,0
27598,0
27599,1
27600,0
27601,0
27602,0
27603,0
27604,0
27605,0
27606,0
27607,0
27608,0
27609,0
27610,0
27611,0
27612,0
27613,0
27614,0
27615,0
27616,0
27617,0
27618,0
27619,1
27620,0
27621,0
27622,0
27623,0
27624,0
27625,0
27626,0
27627,0
27628,0
27629,0
27630,0
27631,0
27632,0
27633,0
27634,0
27635,0
27636,0
27637,0
27638,0
27639,0
27640,0
27641,0
27642,1
27643,0
27644,0
27645,0
27646,0
27647,0
27648,0
27649,0
27650,0
27651,0
27652,0
27653,0
27654,1
27655,0
27656,0
27657,0
27658,0
27659,0
27660,0
27661,1
27662,0
27663,0
27664,0
27665,1
27666,0
27667,0
27668,0
27669,0
27670,0
27671,0
27672,0
27673,0
27674,0
27675,0
27676,1
27677,0
27678,1
27679,1
27680,0
27681,0
27682,0
27683,0
27684,0
27685,0
27686,0
27687,0
27688,1
27689,0
27690,0
27691,0
27692,0
27693,0
27694,1
27695,0
27696,1
27697,0
27698,0
27699,0
27700,1
27701,0
27702,0
27703,0
27704,0
27705,0
27706,0
27707,0
27708,0
27709,0
27710,1
27711,0
27712,0
27713,0
27714,0
27715,0
27716,0
27717,0
27718,1
27719,0
27720,0
27721,1
27722,0
27723,0
27724,0
27725,0
27726,0
27727,0
27728,0
27729,0
27730,0
27731,1
27732,0
27733,0
27734,0
27735,0
27736,1
27737,0
27738,0
27739,0
27740,0
27741,0
27742,0
27743,0
27744,0
27745,0
27746,0
27747,0
27748,0
27749,0
27750,0
27751,0
27752,0
27753,0
27754,0
27755,0
27756,0
27757,0
27758,0
27759,0
27760,0
27761,0
27762,0
27763,0
27764,0
27765,0
27766,0
27767,0
27768,1
27769,1
27770,1
27771,0
27772,0
27773,0
27774,0
27775,0
27776,0
27777,0
27778,0
27779,0
27780,0
27781,0
27782,0
27783,0
27784,0
27785,0
27786,0
27787,0
27788,0
27789,0
27790,0
27791,0
27792,0
27793,0
27794,0
27795,0
27796,0
27797,0
27798,0
27799,0
27800,0
27801,0
27802,0
27803,0
27804,1
27805,0
27806,0
27807,0
27808,0
27809,0
27810,0
27811,1
27812,0
27813,0
27814,0
27815,0
27816,0
27817,0
27818,0
27819,0
27820,0
27821,0
27822,0
27823,0
27824,0
27825,0
27826,0
27827,0
27828,0
27829,0
27830,0
27831,0
27832,0
27833,0
27834,0
27835,0
27836,0
27837,0
27838,0
27839,0
27840,0
27841,0
27842,0
27843,0
27844,0
27845,0
27846,0
27847,0
27848,0
27849,0
27850,0
27851,0
27852,0
27853,0
27854,0
27855,0
27856,0
27857,0
27858,0
27859,0
27860,0
27861,0
27862,0
27863,0
27864,0
27865,0
27866,0
27867,0
27868,1
27869,0
27870,0
27871,0
27872,0
27873,0
27874,0
27875,0
27876,0
27877,0
27878,0
27879,0
27880,0
27881,1
27882,0
27883,0
27884,0
27885,0
27886,0
27887,0
27888,1
27889,1
27890,1
27891,0
27892,1
27893,0
27894,0
27895,0
27896,0
27897,0
27898,0
27899,0
27900,0
27901,0
27902,1
27903,0
27904,0
27905,0
27906,0
27907,0
27908,0
27909,0
27910,0
27911,0
27912,0
27913,0
27914,0
27915,0
27916,0
27917,0
27918,0
27919,0
27920,0
27921,0
27922,0
27923,0
27924,0
27925,0
27926,0
27927,0
27928,0
27929,0
27930,0
27931,1
27932,0
27933,0
27934,0
27935,0
27936,0
27937,0
27938,0
27939,0
27940,0
27941,0
27942,0
27943,0
27944,0
27945,0
27946,0
27947,0
27948,0
27949,0
27950,0
27951,0
27952,0
27953,0
27954,0
27955,0
27956,0
27957,0
27958,0
27959,0
27960,0
27961,0
27962,0
27963,0
27964,0
27965,0
27966,0
27967,1
27968,0
27969,0
27970,0
27971,0
27972,0
27973,0
27974,0
27975,0
27976,1
27977,0
27978,0
27979,0
27980,0
27981,0
27982,0
27983,0
27984,0
27985,0
27986,0
27987,0
27988,0
27989,0
27990,0
27991,0
27992,0
27993,0
27994,0
27995,0
27996,0
27997,0
27998,0
27999,0
28000,0
28001,0
28002,0
28003,0
28004,0
28005,0
28006,0
28007,0
28008,0
28009,0
28010,1
28011,0
28012,0
28013,0
28014,0
28015,0
28016,1
28017,0
28018,0
28019,0
28020,0
28021,0
28022,0
28023,0
28024,0
28025,0
28026,0
28027,0
28028,0
28029,0
28030,0
28031,0
28032,0
28033,0
28034,0
28035,0
28036,0
28037,0
28038,0
28039,0
28040,1
28041,0
28042,0
28043,1
28044,0
28045,0
28046,0
28047,0
28048,0
28049,0
28050,0
28051,0
28052,0
28053,0
28054,0
28055,0
28056,0
28057,0
28058,0
28059,0
28060,0
28061,0
28062,1
28063,0
28064,0
28065,0
28066,0
28067,0
28068,0
28069,1
28070,0
28071,0
28072,0
28073,0
28074,0
28075,0
28076,0
28077,0
28078,0
28079,0
28080,0
28081,1
28082,0
28083,0
28084,0
28085,0
28086,0
28087,0
28088,0
28089,0
28090,0
28091,0
28092,0
28093,0
28094,0
28095,0
28096,0
28097,0
28098,0
28099,0
28100,0
28101,0
28102,0
28103,0
28104,0
28105,0
28106,0
28107,0
28108,0
28109,0
28110,0
28111,1
28112,0
28113,0
28114,0
28115,0
28116,0
28117,0
28118,0
28119,0
28120,0
28121,0
28122,0
28123,0
28124,0
28125,0
28126,0
28127,0
28128,0
28129,0
28130,0
28131,0
28132,0
28133,0
28134,0
28135,0
28136,0
28137,0
28138,0
28139,0
28140,0
28141,0
28142,0
28143,0
28144,0
28145,0
28146,0
28147,0
28148,0
28149,0
28150,0
28151,0
28152,0
28153,0
28154,0
28155,0
28156,0
28157,0
28158,0
28159,1
28160,0
28161,0
28162,0
28163,1
28164,0
28165,0
28166,0
28167,0
28168,0
28169,0
28170,0
28171,0
28172,0
28173,0
28174,0
28175,0
28176,0
28177,0
28178,0
28179,0
28180,0
28181,0
28182,0
28183,0
28184,1
28185,0
28186,0
28187,1
28188,0
28189,0
28190,0
28191,0
28192,0
28193,0
28194,1
28195,0
28196,0
28197,0
28198,0
28199,0
28200,0
28201,0
28202,0
28203,1
28204,0
28205,0
28206,0
28207,0
28208,0
28209,0
28210,0
28211,0
28212,0
28213,0
28214,0
28215,0
28216,0
28217,0
28218,0
28219,0
28220,0
28221,0
28222,0
28223,0
28224,0
28225,0
28226,0
28227,0
28228,0
28229,0
28230,0
28231,0
28232,0
28233,0
28234,0
28235,0
28236,0
28237,0
28238,0
28239,0
28240,0
28241,0
28242,0
28243,1
28244,1
28245,0
28246,0
28247,0
28248,0
28249,0
28250,0
28251,0
28252,0
28253,0
28254,0
28255,0
28256,0
28257,0
28258,0
28259,0
28260,0
28261,0
28262,0
28263,0
28264,0
28265,0
28266,0
28267,0
28268,0
28269,1
28270,0
28271,0
28272,0
28273,0
28274,0
28275,0
28276,0
28277,0
28278,0
28279,0
28280,0
28281,0
28282,1
28283,0
28284,0
28285,0
28286,0
28287,0
28288,0
28289,0
28290,0
28291,0
28292,0
28293,0
28294,0
28295,0
28296,0
28297,1
28298,0
28299,0
28300,0
28301,0
28302,0
28303,0
28304,0
28305,0
28306,0
28307,0
28308,0
28309,0
28310,0
28311,0
28312,0
28313,0
28314,0
28315,0
28316,1
28317,0
28318,0
28319,0
28320,1
28321,0
28322,0
28323,1
28324,0
28325,0
28326,0
28327,0
28328,0
28329,0
28330,0
28331,0
28332,0
28333,0
28334,1
28335,0
28336,0
28337,1
28338,0
28339,0
28340,0
28341,0
28342,0
28343,0
28344,1
28345,0
28346,0
28347,0
28348,0
28349,0
28350,0
28351,0
28352,0
28353,0
28354,0
28355,0
28356,1
28357,0
28358,0
28359,0
28360,0
28361,1
28362,0
28363,0
28364,0
28365,0
28366,0
28367,0
28368,0
28369,0
28370,0
28371,0
28372,0
28373,0
28374,0
28375,0
28376,0
28377,0
28378,0
28379,0
28380,0
28381,0
28382,0
28383,0
28384,1
28385,0
28386,0
28387,0
28388,0
28389,0
28390,0
28391,0
28392,0
28393,0
28394,0
28395,1
28396,0
28397,0
28398,0
28399,0
28400,0
28401,0
28402,0
28403,0
28404,0
28405,0
28406,0
28407,0
28408,0
28409,0
28410,0
28411,0
28412,0
28413,0
28414,0
28415,1
28416,0
28417,0
28418,0
28419,0
28420,0
28421,0
28422,0
28423,0
28424,0
28425,1
28426,0
28427,0
28428,0
28429,0
28430,0
28431,0
28432,0
28433,0
28434,0
28435,0
28436,0
28437,0
28438,0
28439,0
28440,0
28441,0
28442,0
28443,0
28444,0
28445,1
28446,0
28447,0
28448,0
28449,0
28450,0
28451,1
28452,0
28453,0
28454,0
28455,0
28456,0
28457,0
28458,0
28459,0
28460,0
28461,0
28462,0
28463,0
28464,0
28465,0
28466,1
28467,0
28468,0
28469,0
28470,0
28471,0
28472,0
28473,0
28474,0
28475,0
28476,0
28477,0
28478,0
28479,0
28480,0
28481,0
28482,0
28483,0
28484,0
28485,0
28486,0
28487,0
28488,0
28489,1
28490,0
28491,0
28492,0
28493,0
28494,0
28495,0
28496,0
28497,0
28498,0
28499,0
28500,0
28501,1
28502,0
28503,0
28504,1
28505,0
28506,0
28507,0
28508,0
28509,0
28510,0
28511,0
28512,0
28513,0
28514,0
28515,0
28516,0
28517,0
28518,0
28519,0
28520,0
28521,0
28522,0
28523,0
28524,0
28525,0
28526,0
28527,0
28528,0
28529,0
28530,0
28531,0
28532,0
28533,0
28534,0
28535,0
28536,0
28537,0
28538,0
28539,0
28540,0
28541,0
28542,0
28543,1
28544,0
28545,0
28546,0
28547,1
28548,0
28549,0
28550,1
28551,0
28552,0
28553,0
28554,0
28555,1
28556,0
28557,0
28558,0
28559,0
28560,0
28561,0
28562,1
28563,0
28564,0
28565,0
28566,0
28567,0
28568,0
28569,0
28570,0
28571,0
28572,0
28573,0
28574,0
28575,0
28576,1
28577,0
28578,0
28579,0
28580,0
28581,0
28582,0
28583,0
28584,0
28585,0
28586,0
28587,0
28588,0
28589,0
28590,0
28591,0
28592,0
28593,0
28594,0
28595,0
28596,0
28597,0
28598,0
28599,0
28600,0
28601,1
28602,0
28603,0
28604,0
28605,0
28606,0
28607,0
28608,0
28609,0
28610,0
28611,0
28612,0
28613,0
28614,0
28615,0
28616,0
28617,0
28618,0
28619,0
28620,0
28621,0
28622,0
28623,0
28624,0
28625,0
28626,1
28627,0
28628,0
28629,0
28630,0
28631,0
28632,1
28633,0
28634,0
28635,0
28636,0
28637,0
28638,0
28639,1
28640,0
28641,0
28642,0
28643,0
28644,0
28645,0
28646,0
28647,0
28648,0
28649,0
28650,0
28651,0
28652,0
28653,0
28654,0
28655,0
28656,0
28657,1
28658,0
28659,0
28660,0
28661,1
28662,0
28663,1
28664,0
28665,0
28666,0
28667,0
28668,0
28669,0
28670,0
28671,0
28672,0
28673,0
28674,0
28675,0
28676,0
28677,0
28678,0
28679,0
28680,0
28681,0
28682,1
28683,1
28684,0
28685,0
28686,0
28687,0
28688,0
28689,0
28690,0
28691,0
28692,0
28693,0
28694,0
28695,0
28696,0
28697,0
28698,0
28699,0
28700,0
28701,0
28702,0
28703,0
28704,0
28705,0
28706,0
28707,0
28708,0
28709,0
28710,0
28711,0
28712,0
28713,0
28714,0
28715,0
28716,0
28717,0
28718,0
28719,0
28720,0
28721,1
28722,0
28723,0
28724,0
28725,0
28726,0
28727,0
28728,0
28729,0
28730,0
28731,0
28732,0
28733,0
28734,0
28735,0
28736,1
28737,1
28738,0
28739,1
28740,0
28741,0
28742,0
28743,0
28744,0
28745,0
28746,0
28747,0
28748,0
28749,0
28750,0
28751,0
28752,0
28753,1
28754,0
28755,0
28756,0
28757,0
28758,0
28759,0
28760,0
28761,0
28762,0
28763,0
28764,0
28765,1
28766,0
28767,0
28768,0
28769,0
28770,0
28771,0
28772,0
28773,0
28774,0
28775,0
28776,0
28777,0
28778,0
28779,0
28780,0
28781,0
28782,0
28783,0
28784,0
28785,0
28786,0
28787,0
28788,0
28789,0
28790,0
28791,0
28792,0
28793,0
28794,0
28795,0
28796,0
28797,1
28798,0
28799,0
28800,1
28801,0
28802,0
28803,0
28804,0
28805,0
28806,0
28807,1
28808,0
28809,0
28810,0
28811,0
28812,0
28813,0
28814,0
28815,0
28816,0
28817,0
28818,0
28819,0
28820,0
28821,0
28822,0
28823,0
28824,0
28825,0
28826,0
28827,0
28828,0
28829,0
28830,0
28831,0
28832,0
28833,0
28834,0
28835,0
28836,0
28837,0
28838,0
28839,0
28840,0
28841,0
28842,0
28843,0
28844,0
28845,0
28846,0
28847,0
28848,0
28849,0
28850,0
28851,0
28852,0
28853,0
28854,0
28855,0
28856,1
28857,1
28858,0
28859,0
28860,1
28861,0
28862,0
28863,0
28864,0
28865,0
28866,0
28867,0
28868,1
28869,0
28870,1
28871,0
28872,0
28873,0
28874,0
28875,0
28876,0
28877,0
28878,0
28879,0
28880,0
28881,0
28882,1
28883,0
28884,0
28885,0
28886,0
28887,0
28888,0
28889,0
28890,0
28891,0
28892,0
28893,0
28894,0
28895,0
28896,0
28897,0
28898,0
28899,0
28900,0
28901,0
28902,0
28903,0
28904,0
28905,0
28906,0
28907,0
28908,0
28909,0
28910,0
28911,0
28912,0
28913,0
28914,0
28915,0
28916,0
28917,0
28918,0
28919,0
28920,0
28921,0
28922,1
28923,0
28924,0
28925,0
28926,0
28927,0
28928,0
28929,0
28930,1
28931,0
28932,1
28933,0
28934,0
28935,0
28936,0
28937,0
28938,1
28939,0
28940,0
28941,0
28942,0
28943,1
28944,0
28945,0
28946,0
28947,0
28948,0
28949,0
28950,0
28951,0
28952,0
28953,0
28954,0
28955,0
28956,0
28957,0
28958,0
28959,0
28960,0
28961,0
28962,0
28963,0
28964,0
28965,0
28966,0
28967,0
28968,0
28969,0
28970,0
28971,0
28972,0
28973,0
28974,0
28975,0
28976,1
28977,0
28978,0
28979,0
28980,0
28981,0
28982,0
28983,0
28984,0
28985,0
28986,0
28987,0
28988,0
28989,0
28990,0
28991,0
28992,0
28993,0
28994,0
28995,0
28996,1
28997,0
28998,0
28999,0
29000,0
29001,0
29002,0
29003,0
29004,0
29005,0
29006,0
29007,0
29008,1
29009,0
29010,1
29011,0
29012,0
29013,1
29014,0
29015,0
29016,0
29017,0
29018,0
29019,0
29020,0
29021,0
29022,0
29023,0
29024,0
29025,0
29026,0
29027,0
29028,0
29029,0
29030,0
29031,1
29032,0
29033,0
29034,0
29035,1
29036,0
29037,0
29038,1
29039,0
29040,0
29041,0
29042,0
29043,0
29044,0
29045,0
29046,0
29047,0
29048,0
29049,0
29050,1
29051,0
29052,0
29053,0
29054,0
29055,0
29056,0
29057,0
29058,0
29059,0
29060,0
29061,0
29062,0
29063,0
29064,0
29065,0
29066,1
29067,0
29068,0
29069,0
29070,0
29071,0
29072,0
29073,0
29074,0
29075,0
29076,0
29077,1
29078,0
29079,0
29080,0
29081,0
29082,0
29083,0
29084,0
29085,0
29086,0
29087,0
29088,0
29089,0
29090,1
29091,0
29092,0
29093,0
29094,0
29095,0
29096,0
29097,0
29098,0
29099,0
29100,0
29101,0
29102,0
29103,0
29104,0
29105,0
29106,0
29107,0
29108,0
29109,0
29110,0
29111,0
29112,0
29113,0
29114,0
29115,0
29116,0
29117,0
29118,1
29119,0
29120,0
29121,0
29122,0
29123,0
29124,0
29125,0
29126,0
29127,0
29128,0
29129,0
29130,0
29131,0
29132,1
29133,0
29134,0
29135,0
29136,0
29137,0
29138,0
29139,0
29140,0
29141,0
29142,0
29143,0
29144,0
29145,0
29146,0
29147,1
29148,0
29149,0
29150,0
29151,0
29152,0
29153,0
29154,0
29155,0
29156,1
29157,0
29158,0
29159,0
29160,0
29161,0
29162,0
29163,0
29164,0
29165,0
29166,1
29167,0
29168,0
29169,0
29170,0
29171,0
29172,0
29173,0
29174,0
29175,0
29176,0
29177,0
29178,0
29179,0
29180,1
29181,0
29182,0
29183,0
29184,0
29185,1
29186,0
29187,0
29188,0
29189,0
29190,0
29191,0
29192,0
29193,0
29194,0
29195,0
29196,0
29197,0
29198,0
29199,0
29200,0
29201,0
29202,0
29203,1
29204,0
29205,0
29206,0
29207,0
29208,0
29209,0
29210,0
29211,0
29212,0
29213,0
29214,0
29215,0
29216,0
29217,0
29218,0
29219,0
29220,0
29221,0
29222,0
29223,0
29224,0
29225,0
29226,0
29227,0
29228,0
29229,0
29230,0
29231,0
29232,0
29233,0
29234,0
29235,0
29236,0
29237,0
29238,0
29239,0
29240,0
29241,0
29242,1
29243,0
29244,0
29245,0
29246,0
29247,0
29248,0
29249,0
29250,0
29251,1
29252,0
29253,0
29254,0
29255,0
29256,0
29257,0
29258,0
29259,0
29260,0
29261,0
29262,0
29263,0
29264,0
29265,0
29266,1
29267,0
29268,0
29269,0
29270,0
29271,0
29272,0
29273,0
29274,0
29275,0
29276,0
29277,0
29278,0
29279,0
29280,0
29281,0
29282,1
29283,0
29284,0
29285,0
29286,0
29287,0
29288,0
29289,0
29290,1
29291,0
29292,0
29293,0
29294,0
29295,0
29296,0
29297,0
29298,0
29299,0
29300,0
29301,0
29302,0
29303,0
29304,0
29305,0
29306,0
29307,0
29308,0
29309,0
29310,0
29311,0
29312,0
29313,0
29314,0
29315,0
29316,0
29317,0
29318,0
29319,0
29320,0
29321,0
29322,0
29323,0
29324,0
29325,0
29326,0
29327,0
29328,0
29329,0
29330,0
29331,0
29332,0
29333,1
29334,0
29335,0
29336,0
29337,0
29338,1
29339,0
29340,0
29341,0
29342,0
29343,0
29344,0
29345,0
29346,0
29347,0
29348,0
29349,0
29350,0
29351,0
29352,0
29353,0
29354,0
29355,0
29356,0
29357,0
29358,0
29359,0
29360,0
29361,0
29362,0
29363,0
29364,0
29365,0
29366,1
29367,0
29368,1
29369,0
29370,0
29371,0
29372,0
29373,0
29374,0
29375,0
29376,0
29377,0
29378,0
29379,0
29380,0
29381,0
29382,0
29383,0
29384,0
29385,0
29386,0
29387,0
29388,0
29389,0
29390,1
29391,0
29392,0
29393,0
29394,0
29395,0
29396,0
29397,0
29398,0
29399,0
29400,0
29401,0
29402,0
29403,0
29404,0
29405,1
29406,0
29407,0
29408,0
29409,0
29410,0
29411,0
29412,0
29413,0
29414,0
29415,0
29416,0
29417,0
29418,0
29419,0
29420,0
29421,0
29422,0
29423,0
29424,0
29425,0
29426,0
29427,1
29428,0
29429,0
29430,0
29431,0
29432,0
29433,0
29434,0
29435,0
29436,0
29437,0
29438,0
29439,0
29440,1
29441,0
29442,0
29443,0
29444,1
29445,1
29446,0
29447,0
29448,1
29449,0
29450,0
29451,0
29452,0
29453,0
29454,0
29455,0
29456,0
29457,0
29458,0
29459,0
29460,0
29461,0
29462,0
29463,0
29464,0
29465,0
29466,0
29467,0
29468,0
29469,0
29470,0
29471,0
29472,0
29473,0
29474,0
29475,0
29476,0
29477,0
29478,1
29479,0
29480,0
29481,0
29482,0
29483,0
29484,0
29485,0
29486,0
29487,0
29488,0
29489,0
29490,0
29491,0
29492,0
29493,0
29494,0
29495,0
29496,0
29497,0
29498,1
29499,0
29500,1
29501,0
29502,0
29503,0
29504,0
29505,1
29506,1
29507,0
29508,0
29509,0
29510,0
29511,0
29512,0
29513,0
29514,0
29515,0
29516,0
29517,0
29518,0
29519,0
29520,0
29521,0
29522,0
29523,0
29524,0
29525,0
29526,0
29527,1
29528,0
29529,0
29530,0
29531,0
29532,0
29533,0
29534,0
29535,0
29536,0
29537,1
29538,0
29539,0
29540,0
29541,0
29542,0
29543,0
29544,0
29545,0
29546,0
29547,0
29548,0
29549,0
29550,0
29551,0
29552,1
29553,0
29554,0
29555,0
29556,0
29557,0
29558,0
29559,0
29560,0
29561,0
29562,0
29563,0
29564,0
29565,0
29566,0
29567,0
29568,0
29569,0
29570,0
29571,0
29572,0
29573,0
29574,1
29575,0
29576,0
29577,0
29578,1
29579,0
29580,0
29581,1
29582,0
29583,0
29584,0
29585,0
29586,0
29587,0
29588,0
29589,0
29590,0
29591,0
29592,0
29593,0
29594,0
29595,0
29596,0
29597,0
29598,0
29599,0
29600,0
29601,0
29602,0
29603,0
29604,0
29605,0
29606,0
29607,0
29608,0
29609,0
29610,1
29611,0
29612,0
29613,0
29614,0
29615,0
29616,1
29617,0
29618,0
29619,0
29620,0
29621,0
29622,0
29623,0
29624,1
29625,0
29626,0
29627,0
29628,0
29629,0
29630,0
29631,1
29632,0
29633,0
29634,0
29635,0
29636,0
29637,0
29638,0
29639,0
29640,0
29641,0
29642,0
29643,0
29644,0
29645,0
29646,0
29647,0
29648,0
29649,0
29650,1
29651,0
29652,1
29653,0
29654,0
29655,0
29656,1
29657,0
29658,0
29659,0
29660,0
29661,0
29662,1
29663,0
29664,0
29665,0
29666,1
29667,1
29668,0
29669,0
29670,0
29671,0
29672,1
29673,0
29674,1
29675,0
29676,0
29677,0
29678,0
29679,0
29680,0
29681,0
29682,0
29683,0
29684,0
29685,0
29686,0
29687,0
29688,0
29689,0
29690,0
29691,0
29692,0
29693,0
29694,0
29695,0
29696,0
29697,0
29698,1
29699,0
29700,0
29701,0
29702,0
29703,0
29704,0
29705,0
29706,0
29707,1
29708,0
29709,0
29710,0
29711,0
29712,0
29713,0
29714,0
29715,0
29716,1
29717,0
29718,0
29719,0
29720,1
29721,0
29722,0
29723,0
29724,0
29725,0
29726,0
29727,0
29728,0
29729,0
29730,0
29731,0
29732,0
29733,0
29734,0
29735,0
29736,0
29737,0
29738,0
29739,0
29740,0
29741,0
29742,0
29743,0
29744,0
29745,0
29746,0
29747,1
29748,0
29749,0
29750,0
29751,0
29752,0
29753,0
29754,0
29755,0
29756,0
29757,1
29758,0
29759,0
29760,0
29761,0
29762,0
29763,0
29764,0
29765,0
29766,0
29767,0
29768,1
29769,0
29770,0
29771,0
29772,0
29773,0
29774,1
29775,0
29776,0
29777,0
29778,1
29779,1
29780,0
29781,0
29782,0
29783,0
29784,0
29785,0
29786,0
29787,0
29788,0
29789,0
29790,0
29791,0
29792,0
29793,0
29794,0
29795,0
29796,0
29797,0
29798,0
29799,0
29800,0
29801,0
29802,0
29803,0
29804,0
29805,0
29806,0
29807,0
29808,0
29809,0
29810,0
29811,0
29812,0
29813,0
29814,0
29815,0
29816,0
29817,0
29818,0
29819,0
29820,0
29821,1
29822,0
29823,0
29824,0
29825,0
29826,0
29827,0
29828,0
29829,0
29830,0
29831,1
29832,0
29833,0
29834,0
29835,0
29836,0
29837,0
29838,0
29839,0
29840,0
29841,0
29842,0
29843,0
29844,0
29845,0
29846,0
29847,0
29848,0
29849,0
29850,0
29851,0
29852,0
29853,0
29854,0
29855,0
29856,0
29857,0
29858,0
29859,0
29860,0
29861,0
29862,1
29863,0
29864,0
29865,0
29866,0
29867,0
29868,0
29869,0
29870,0
29871,0
29872,0
29873,0
29874,0
29875,0
29876,0
29877,0
29878,0
29879,0
29880,0
29881,1
29882,0
29883,1
29884,0
29885,0
29886,0
29887,0
29888,0
29889,0
29890,0
29891,0
29892,0
29893,0
29894,0
29895,0
29896,0
29897,0
29898,0
29899,0
29900,0
29901,0
29902,0
29903,0
29904,0
29905,0
29906,1
29907,0
29908,0
29909,0
29910,0
29911,0
29912,1
29913,0
29914,1
29915,0
29916,0
29917,0
29918,0
29919,0
29920,0
29921,0
29922,1
29923,0
29924,0
29925,0
29926,0
29927,0
29928,1
29929,0
29930,0
29931,0
29932,0
29933,0
29934,0
29935,0
29936,0
29937,0
29938,0
29939,0
29940,1
29941,0
29942,0
29943,0
29944,0
29945,0
29946,0
29947,1
29948,0
29949,0
29950,1
29951,0
29952,0
29953,0
29954,0
29955,0
29956,0
29957,0
29958,0
29959,0
29960,0
29961,0
29962,0
29963,1
29964,0
29965,0
29966,0
29967,0
29968,0
29969,0
29970,0
29971,0
29972,0
29973,0
29974,0
29975,0
29976,0
29977,0
29978,0
29979,1
29980,0
29981,0
29982,0
29983,0
29984,0
29985,0
29986,0
29987,0
29988,0
29989,0
29990,0
29991,0
29992,0
29993,0
29994,0
29995,0
29996,0
29997,0
29998,0
29999,0
30000,0
30001,0
30002,0
30003,0
30004,0
30005,1
30006,0
30007,0
30008,1
30009,0
30010,0
30011,0
30012,0
30013,0
30014,0
30015,0
30016,0
30017,0
30018,0
30019,0
30020,1
30021,0
30022,0
30023,0
30024,0
30025,0
30026,0
30027,1
30028,0
30029,0
30030,0
30031,0
30032,0
30033,0
30034,0
30035,0
30036,0
30037,0
30038,0
30039,0
30040,0
30041,0
30042,1
30043,0
30044,0
30045,0
30046,0
30047,0
30048,0
30049,0
30050,0
30051,0
30052,0
30053,0
30054,0
30055,0
30056,1
30057,0
30058,0
30059,0
30060,0
30061,0
30062,1
30063,0
30064,0
30065,0
30066,0
30067,0
30068,0
30069,0
30070,0
30071,0
30072,0
30073,0
30074,0
30075,0
30076,1
30077,0
30078,0
30079,0
30080,0
30081,0
30082,0
30083,0
30084,0
30085,0
30086,0
30087,0
30088,0
30089,0
30090,0
30091,0
30092,0
30093,0
30094,0
30095,0
30096,0
30097,0
30098,0
30099,0
30100,0
30101,0
30102,0
30103,0
30104,0
30105,0
30106,0
30107,0
30108,0
30109,0
30110,0
30111,0
30112,0
30113,0
30114,0
30115,0
30116,0
30117,0
30118,0
30119,0
30120,0
30121,0
30122,1
30123,0
30124,0
30125,0
30126,0
30127,0
30128,0
30129,1
30130,0
30131,0
30132,0
30133,0
30134,0
30135,0
30136,0
30137,1
30138,0
30139,0
30140,0
30141,0
30142,1
30143,0
30144,0
30145,0
30146,0
30147,0
30148,0
30149,1
30150,0
30151,0
30152,0
30153,0
30154,0
30155,0
30156,0
30157,0
30158,0
30159,0
30160,0
30161,0
30162,0
30163,0
30164,0
30165,0
30166,0
30167,0
30168,0
30169,0
30170,0
30171,0
30172,0
30173,0
30174,0
30175,0
30176,0
30177,0
30178,0
30179,0
30180,0
30181,0
30182,1
30183,0
30184,0
30185,0
30186,0
30187,0
30188,0
30189,1
30190,0
30191,0
30192,0
30193,0
30194,0
30195,0
30196,0
30197,0
30198,0
30199,0
30200,0
30201,0
30202,0
30203,0
30204,0
30205,0
30206,0
30207,0
30208,0
30209,0
30210,0
30211,0
30212,0
30213,0
30214,0
30215,0
30216,0
30217,0
30218,0
30219,1
30220,0
30221,0
30222,0
30223,0
30224,0
30225,0
30226,0
30227,0
30228,0
30229,1
30230,0
30231,0
30232,0
30233,0
30234,0
30235,0
30236,0
30237,0
30238,0
30239,0
30240,0
30241,0
30242,0
30243,0
30244,0
30245,0
30246,0
30247,1
30248,0
30249,0
30250,0
30251,0
30252,1
30253,0
30254,0
30255,0
30256,0
30257,0
30258,0
30259,0
30260,0
30261,0
30262,0
30263,0
30264,0
30265,0
30266,0
30267,0
30268,0
30269,0
30270,0
30271,0
30272,0
30273,0
30274,0
30275,0
30276,0
30277,1
30278,0
30279,0
30280,0
30281,0
30282,0
30283,0
30284,0
30285,0
30286,0
30287,0
30288,0
30289,0
30290,0
30291,1
30292,0
30293,0
30294,0
30295,0
30296,1
30297,1
30298,0
30299,0
30300,0
30301,0
30302,0
30303,0
30304,0
30305,0
30306,0
30307,1
30308,0
30309,0
30310,1
30311,0
30312,0
30313,0
30314,0
30315,0
30316,0
30317,0
30318,0
30319,0
30320,0
30321,0
30322,0
30323,0
30324,0
30325,0
30326,0
30327,0
30328,0
30329,0
30330,0
30331,0
30332,0
30333,0
30334,0
30335,0
30336,0
30337,0
30338,0
30339,0
30340,0
30341,0
30342,0
30343,0
30344,0
30345,0
30346,0
30347,0
30348,0
30349,0
30350,0
30351,0
30352,1
30353,0
30354,0
30355,0
30356,1
30357,0
30358,0
30359,1
30360,0
30361,0
30362,0
30363,0
30364,0
30365,0
30366,0
30367,0
30368,0
30369,0
30370,0
30371,0
30372,0
30373,0
30374,0
30375,0
30376,0
30377,0
30378,0
30379,0
30380,0
30381,0
30382,0
30383,0
30384,0
30385,0
30386,0
30387,0
30388,0
30389,0
30390,0
30391,0
30392,0
30393,0
30394,0
30395,0
30396,0
30397,0
30398,0
30399,1
30400,0
30401,0
30402,0
30403,1
30404,0
30405,0
30406,0
30407,0
30408,0
30409,0
30410,0
30411,0
30412,0
30413,0
30414,0
30415,0
30416,0
30417,0
30418,0
30419,0
30420,0
30421,0
30422,0
30423,1
30424,0
30425,0
30426,1
30427,0
30428,0
30429,0
30430,0
30431,1
30432,0
30433,0
30434,0
30435,0
30436,0
30437,1
30438,0
30439,0
30440,0
30441,0
30442,0
30443,0
30444,0
30445,1
30446,0
30447,0
30448,0
30449,0
30450,0
30451,0
30452,0
30453,0
30454,0
30455,0
30456,0
30457,0
30458,0
30459,0
30460,0
30461,0
30462,0
30463,0
30464,0
30465,0
30466,1
30467,0
30468,0
30469,0
30470,0
30471,0
30472,0
30473,1
30474,1
30475,1
30476,0
30477,0
30478,0
30479,0
30480,0
30481,0
30482,1
30483,0
30484,0
30485,0
30486,0
30487,0
30488,0
30489,0
30490,0
30491,0
30492,0
30493,0
30494,0
30495,0
30496,0
30497,0
30498,0
30499,0
30500,0
30501,0
30502,0
30503,0
30504,0
30505,0
30506,0
30507,0
30508,0
30509,0
30510,0
30511,0
30512,0
30513,0
30514,0
30515,0
30516,1
30517,0
30518,0
30519,0
30520,0
30521,0
30522,1
30523,0
30524,0
30525,0
30526,0
30527,0
30528,0
30529,1
30530,0
30531,0
30532,0
30533,0
30534,1
30535,0
30536,0
30537,0
30538,0
30539,0
30540,0
30541,0
30542,0
30543,0
30544,0
30545,0
30546,0
30547,0
30548,0
30549,0
30550,0
30551,0
30552,0
30553,0
30554,0
30555,0
30556,0
30557,0
30558,0
30559,0
30560,0
30561,0
30562,1
30563,0
30564,0
30565,0
30566,0
30567,0
30568,0
30569,0
30570,0
30571,0
30572,1
30573,0
30574,0
30575,1
30576,0
30577,0
30578,0
30579,0
30580,0
30581,0
30582,0
30583,0
30584,0
30585,0
30586,0
30587,0
30588,0
30589,0
30590,0
30591,0
30592,0
30593,0
30594,1
30595,0
30596,0
30597,0
30598,0
30599,0
30600,0
30601,0
30602,1
30603,0
30604,0
30605,0
30606,0
30607,0
30608,0
30609,0
30610,0
30611,0
30612,0
30613,0
30614,0
30615,0
30616,0
30617,0
30618,0
30619,0
30620,0
30621,0
30622,0
30623,0
30624,0
30625,0
30626,0
30627,0
30628,0
30629,0
30630,0
30631,0
30632,0
30633,0
30634,0
30635,0
30636,0
30637,0
30638,0
30639,0
30640,0
30641,0
30642,0
30643,0
30644,0
30645,0
30646,0
30647,0
30648,0
30649,0
30650,0
30651,0
30652,0
30653,0
30654,0
30655,0
30656,0
30657,0
30658,0
30659,0
30660,0
30661,0
30662,0
30663,0
30664,0
30665,0
30666,0
30667,0
30668,0
30669,0
30670,0
30671,0
30672,0
30673,1
30674,0
30675,0
30676,0
30677,0
30678,0
30679,0
30680,0
30681,1
30682,0
30683,0
30684,0
30685,0
30686,0
30687,0
30688,0
30689,0
30690,0
30691,0
30692,0
30693,0
30694,0
30695,0
30696,0
30697,0
30698,1
30699,0
30700,0
30701,0
30702,0
30703,0
30704,0
30705,0
30706,0
30707,0
30708,0
30709,0
30710,0
30711,0
30712,0
30713,1
30714,0
30715,0
30716,0
30717,0
30718,1
30719,0
30720,0
30721,0
30722,1
30723,0
30724,0
30725,0
30726,0
30727,0
30728,0
30729,0
30730,1
30731,0
30732,0
30733,0
30734,0
30735,0
30736,0
30737,0
30738,0
30739,0
30740,0
30741,0
30742,0
30743,0
30744,0
30745,0
30746,0
30747,0
30748,0
30749,0
30750,0
30751,0
30752,0
30753,1
30754,0
30755,0
30756,0
30757,0
30758,0
30759,0
30760,0
30761,0
30762,0
30763,0
30764,0
30765,0
30766,0
30767,0
30768,1
30769,0
30770,0
30771,0
30772,0
30773,0
30774,0
30775,0
30776,0
30777,0
30778,0
30779,0
30780,0
30781,0
30782,0
30783,0
30784,0
30785,0
30786,1
30787,1
30788,0
30789,0
30790,0
30791,0
30792,0
30793,0
30794,0
30795,0
30796,0
30797,0
30798,0
30799,0
30800,0
30801,0
30802,1
30803,1
30804,1
30805,0
30806,0
30807,0
30808,0
30809,0
30810,0
30811,1
30812,0
30813,1
30814,0
30815,0
30816,0
30817,0
30818,1
30819,0
30820,0
30821,1
30822,0
30823,0
30824,0
30825,1
30826,0
30827,0
30828,0
30829,0
30830,0
30831,0
30832,0
30833,0
30834,0
30835,1
30836,0
30837,0
30838,0
30839,0
30840,0
30841,0
30842,1
30843,0
30844,0
30845,0
30846,0
30847,0
30848,0
30849,0
30850,0
30851,0
30852,0
30853,0
30854,1
30855,0
30856,0
30857,0
30858,0
30859,0
30860,1
30861,0
30862,0
30863,1
30864,0
30865,0
30866,0
30867,0
30868,0
30869,0
30870,0
30871,0
30872,0
30873,0
30874,0
30875,0
30876,1
30877,0
30878,0
30879,0
30880,0
30881,0
30882,0
30883,0
30884,0
30885,0
30886,0
30887,0
30888,0
30889,1
30890,1
30891,0
30892,0
30893,0
30894,0
30895,0
30896,0
30897,0
30898,0
30899,0
30900,0
30901,0
30902,0
30903,0
30904,0
30905,0
30906,1
30907,0
30908,0
30909,0
30910,0
30911,0
30912,0
30913,0
30914,0
30915,0
30916,1
30917,0
30918,0
30919,0
30920,0
30921,0
30922,0
30923,0
30924,0
30925,0
30926,0
30927,0
30928,0
30929,0
30930,0
30931,0
30932,0
30933,0
30934,0
30935,0
30936,0
30937,1
30938,0
30939,0
30940,0
30941,0
30942,0
30943,0
30944,0
30945,0
30946,0
30947,0
30948,0
30949,0
30950,0
30951,0
30952,0
30953,0
30954,0
30955,0
30956,1
30957,0
30958,0
30959,0
30960,0
30961,0
30962,0
30963,0
30964,0
30965,0
30966,1
30967,0
30968,0
30969,0
30970,0
30971,0
30972,0
30973,0
30974,0
30975,0
30976,0
30977,0
30978,0
30979,0
30980,0
30981,0
30982,0
30983,0
30984,0
30985,0
30986,1
30987,0
30988,0
30989,0
30990,0
30991,0
30992,0
30993,0
30994,0
30995,0
30996,0
30997,0
30998,0
30999,0
31000,0
31001,0
31002,0
31003,0
31004,0
31005,1
31006,0
31007,0
31008,0
31009,0
31010,0
31011,0
31012,0
31013,0
31014,0
31015,0
31016,0
31017,0
31018,0
31019,0
31020,0
31021,0
31022,0
31023,0
31024,0
31025,0
31026,0
31027,0
31028,1
31029,0
31030,0
31031,0
31032,0
31033,0
31034,0
31035,0
31036,0
31037,0
31038,0
31039,0
31040,0
31041,0
31042,0
31043,0
31044,0
31045,0
31046,0
31047,0
31048,0
31049,0
31050,0
31051,0
31052,0
31053,0
31054,0
31055,0
31056,0
31057,0
31058,0
31059,0
31060,0
31061,0
31062,0
31063,0
31064,0
31065,0
31066,0
31067,0
31068,0
31069,0
31070,0
31071,0
31072,0
31073,0
31074,0
31075,0
31076,0
31077,0
31078,0
31079,0
31080,0
31081,0
31082,0
31083,0
31084,1
31085,0
31086,0
31087,0
31088,0
31089,0
31090,0
31091,0
31092,1
31093,0
31094,0
31095,0
31096,0
31097,1
31098,0
31099,0
31100,0
31101,1
31102,0
31103,0
31104,0
31105,0
31106,0
31107,0
31108,0
31109,0
31110,0
31111,0
31112,0
31113,0
31114,0
31115,1
31116,0
31117,0
31118,0
31119,0
31120,0
31121,0
31122,0
31123,0
31124,0
31125,0
31126,0
31127,0
31128,0
31129,0
31130,1
31131,0
31132,0
31133,0
31134,0
31135,0
31136,0
31137,0
31138,0
31139,0
31140,0
31141,0
31142,0
31143,0
31144,0
31145,0
31146,0
31147,0
31148,0
31149,0
31150,0
31151,0
31152,0
31153,0
31154,0
31155,0
31156,0
31157,0
31158,1
31159,0
31160,0
31161,0
31162,0
31163,0
31164,0
31165,1
31166,1
31167,0
31168,0
31169,0
31170,0
31171,0
31172,0
31173,0
31174,0
31175,0
31176,0
31177,0
31178,0
31179,0
31180,0
31181,0
31182,0
31183,1
31184,0
31185,0
31186,0
31187,0
31188,0
31189,0
31190,0
31191,1
31192,0
31193,0
31194,0
31195,0
31196,0
31197,0
31198,0
31199,0
31200,1
31201,0
31202,1
31203,0
31204,0
31205,0
31206,0
31207,0
31208,0
31209,0
31210,0
31211,0
31212,0
31213,0
31214,0
31215,0
31216,0
31217,0
31218,0
31219,0
31220,0
31221,0
31222,0
31223,0
31224,0
31225,0
31226,0
31227,0
31228,0
31229,0
31230,0
31231,0
31232,0
31233,0
31234,0
31235,0
31236,0
31237,1
31238,0
31239,0
31240,0
31241,0
31242,0
31243,0
31244,0
31245,0
31246,0
31247,0
31248,0
31249,1
31250,0
31251,0
31252,1
31253,0
31254,0
31255,0
31256,0
31257,0
31258,0
31259,0
31260,0
31261,0
31262,0
31263,0
31264,0
31265,0
31266,0
31267,0
31268,0
31269,0
31270,0
31271,0
31272,0
31273,0
31274,0
31275,0
31276,0
31277,0
31278,0
31279,0
31280,0
31281,0
31282,1
31283,0
31284,0
31285,0
31286,0
31287,0
31288,0
31289,0
31290,1
31291,0
31292,0
31293,0
31294,0
31295,0
31296,0
31297,0
31298,0
31299,0
31300,0
31301,0
31302,0
31303,0
31304,0
31305,0
31306,0
31307,0
31308,0
31309,0
31310,0
31311,0
31312,1
31313,0
31314,0
31315,1
31316,1
31317,0
31318,0
31319,0
31320,0
31321,0
31322,0
31323,0
31324,0
31325,0
31326,0
31327,0
31328,0
31329,0
31330,1
31331,0
31332,0
31333,1
31334,0
31335,0
31336,0
31337,0
31338,0
31339,0
31340,0
31341,0
31342,0
31343,0
31344,0
31345,0
31346,0
31347,0
31348,0
31349,0
31350,0
31351,0
31352,0
31353,0
31354,0
31355,0
31356,0
31357,0
31358,0
31359,0
31360,1
31361,0
31362,0
31363,0
31364,0
31365,0
31366,0
31367,1
31368,0
31369,0
31370,0
31371,0
31372,0
31373,0
31374,0
31375,0
31376,0
31377,0
31378,0
31379,0
31380,0
31381,0
31382,0
31383,0
31384,0
31385,0
31386,0
31387,0
31388,1
31389,0
31390,0
31391,0
31392,0
31393,0
31394,0
31395,0
31396,0
31397,0
31398,0
31399,0
31400,0
31401,0
31402,0
31403,0
31404,0
31405,0
31406,0
31407,0
31408,0
31409,0
31410,0
31411,0
31412,1
31413,0
31414,0
31415,0
31416,0
31417,0
31418,0
31419,0
31420,0
31421,0
31422,0
31423,0
31424,0
31425,0
31426,0
31427,0
31428,0
31429,0
31430,0
31431,0
31432,0
31433,0
31434,0
31435,0
31436,0
31437,0
31438,0
31439,0
31440,0
31441,0
31442,0
31443,0
31444,0
31445,0
31446,0
31447,0
31448,0
31449,0
31450,0
31451,0
31452,0
31453,0
31454,0
31455,0
31456,0
31457,0
31458,0
31459,0
31460,0
31461,0
31462,0
31463,0
31464,0
31465,0
31466,0
31467,0
31468,0
31469,1
31470,0
31471,0
31472,0
31473,0
31474,0
31475,0
31476,0
31477,0
31478,0
31479,0
31480,0
31481,1
31482,0
31483,0
31484,0
31485,0
31486,1
31487,0
31488,1
31489,0
31490,0
31491,1
31492,0
31493,0
31494,0
31495,0
31496,0
31497,0
31498,1
31499,0
31500,0
31501,0
31502,0
31503,0
31504,0
31505,0
31506,0
31507,0
31508,0
31509,0
31510,0
31511,0
31512,0
31513,0
31514,0
31515,0
31516,0
31517,0
31518,0
31519,1
31520,0
31521,0
31522,0
31523,1
31524,0
31525,0
31526,0
31527,0
31528,0
31529,0
31530,0
31531,0
31532,1
31533,0
31534,0
31535,0
31536,0
31537,1
31538,0
31539,0
31540,0
31541,1
31542,0
31543,0
31544,0
31545,0
31546,1
31547,0
31548,1
31549,0
31550,0
31551,0
31552,0
31553,1
31554,0
31555,0
31556,0
31557,0
31558,0
31559,0
31560,0
31561,0
31562,1
31563,0
31564,1
31565,0
31566,0
31567,0
31568,0
31569,0
31570,0
31571,0
31572,0
31573,0
31574,0
31575,1
31576,0
31577,0
31578,0
31579,0
31580,0
31581,0
31582,0
31583,0
31584,0
31585,0
31586,0
31587,0
31588,0
31589,0
31590,0
31591,0
31592,0
31593,0
31594,1
31595,0
31596,0
31597,0
31598,0
31599,0
31600,0
31601,0
31602,0
31603,0
31604,0
31605,1
31606,0
31607,0
31608,0
31609,0
31610,1
31611,0
31612,0
31613,0
31614,0
31615,0
31616,0
31617,0
31618,0
31619,0
31620,0
31621,0
31622,0
31623,0
31624,0
31625,1
31626,0
31627,0
31628,0
31629,0
31630,0
31631,0
31632,0
31633,0
31634,1
31635,1
31636,0
31637,0
31638,0
31639,0
31640,0
31641,0
31642,0
31643,0
31644,0
31645,0
31646,0
31647,0
31648,0
31649,0
31650,0
31651,0
31652,0
31653,0
31654,1
31655,0
31656,0
31657,0
31658,0
31659,0
31660,0
31661,0
31662,0
31663,0
31664,0
31665,0
31666,0
31667,0
31668,0
31669,0
31670,0
31671,0
31672,0
31673,0
31674,1
31675,0
31676,1
31677,0
31678,0
31679,1
31680,0
31681,0
31682,0
31683,0
31684,0
31685,0
31686,0
31687,0
31688,0
31689,0
31690,1
31691,0
31692,0
31693,0
31694,0
31695,0
31696,0
31697,0
31698,0
31699,0
31700,0
31701,0
31702,0
31703,0
31704,0
31705,0
31706,1
31707,0
31708,0
31709,0
31710,0
31711,1
31712,0
31713,1
31714,0
31715,0
31716,0
31717,0
31718,0
31719,0
31720,0
31721,0
31722,0
31723,0
31724,0
31725,0
31726,0
31727,0
31728,0
31729,0
31730,0
31731,0
31732,0
31733,0
31734,0
31735,0
31736,0
31737,0
31738,0
31739,0
31740,0
31741,0
31742,0
31743,0
31744,0
31745,0
31746,0
31747,0
31748,0
31749,0
31750,0
31751,0
31752,0
31753,0
31754,1
31755,0
31756,1
31757,0
31758,0
31759,0
31760,0
31761,0
31762,0
31763,0
31764,0
31765,0
31766,0
31767,0
31768,0
31769,1
31770,1
31771,0
31772,0
31773,0
31774,0
31775,0
31776,0
31777,0
31778,0
31779,0
31780,0
31781,0
31782,0
31783,0
31784,0
31785,0
31786,0
31787,0
31788,0
31789,0
31790,1
31791,1
31792,0
31793,0
31794,0
31795,0
31796,0
31797,0
31798,0
31799,0
31800,0
31801,0
31802,1
31803,0
31804,0
31805,0
31806,0
31807,0
31808,1
31809,0
31810,0
31811,0
31812,0
31813,1
31814,0
31815,1
31816,0
31817,0
31818,0
31819,0
31820,0
31821,0
31822,0
31823,0
31824,0
31825,0
31826,1
31827,0
31828,0
31829,0
31830,1
31831,0
31832,0
31833,0
31834,0
31835,0
31836,0
31837,0
31838,0
31839,0
31840,0
31841,0
31842,0
31843,0
31844,0
31845,0
31846,0
31847,0
31848,0
31849,0
31850,0
31851,0
31852,0
31853,0
31854,0
31855,0
31856,1
31857,0
31858,0
31859,0
31860,0
31861,0
31862,0
31863,0
31864,1
31865,0
31866,0
31867,0
31868,0
31869,0
31870,0
31871,0
31872,0
31873,0
31874,0
31875,1
31876,0
31877,0
31878,0
31879,0
31880,0
31881,0
31882,0
31883,0
31884,1
31885,0
31886,0
31887,0
31888,0
31889,0
31890,0
31891,0
31892,0
31893,0
31894,0
31895,0
31896,0
31897,0
31898,0
31899,0
31900,0
31901,1
31902,0
31903,1
31904,0
31905,1
31906,0
31907,0
31908,0
31909,0
31910,0
31911,0
31912,1
31913,0
31914,0
31915,0
31916,0
31917,0
31918,0
31919,1
31920,0
31921,1
31922,0
31923,0
31924,0
31925,0
31926,0
31927,0
31928,0
31929,0
31930,0
31931,0
31932,0
31933,0
31934,0
31935,0
31936,0
31937,1
31938,1
31939,0
31940,0
31941,1
31942,0
31943,0
31944,0
31945,0
31946,0
31947,0
31948,0
31949,1
31950,0
31951,0
31952,1
31953,0
31954,0
31955,0
31956,0
31957,0
31958,0
31959,0
31960,0
31961,0
31962,0
31963,0
31964,0
31965,0
31966,0
31967,0
31968,0
31969,0
31970,0
31971,1
31972,0
31973,0
31974,0
31975,0
31976,0
31977,1
31978,0
31979,1
31980,0
31981,0
31982,0
31983,0
31984,0
31985,0
31986,0
31987,0
31988,0
31989,0
31990,0
31991,0
31992,1
31993,0
31994,0
31995,1
31996,0
31997,0
31998,0
31999,0
32000,0
32001,0
32002,0
32003,0
32004,0
32005,0
32006,0
32007,0
32008,0
32009,0
32010,0
32011,0
32012,0
32013,0
32014,0
32015,0
32016,0
32017,0
32018,0
32019,0
32020,0
32021,0
32022,0
32023,0
32024,0
32025,1
32026,0
32027,0
32028,0
32029,0
32030,1
32031,0
32032,0
32033,0
32034,0
32035,0
32036,0
32037,1
32038,0
32039,0
32040,0
32041,0
32042,0
32043,0
32044,0
32045,0
32046,0
32047,0
32048,0
32049,0
32050,0
32051,1
32052,0
32053,0
32054,0
32055,0
32056,0
32057,0
32058,0
32059,0
32060,0
32061,0
32062,0
32063,0
32064,0
32065,0
32066,0
32067,0
32068,0
32069,0
32070,0
32071,0
32072,0
32073,0
32074,0
32075,0
32076,0
32077,0
32078,1
32079,1
32080,0
32081,0
32082,1
32083,0
32084,0
32085,0
32086,0
32087,0
32088,0
32089,0
32090,0
32091,0
32092,0
32093,0
32094,0
32095,0
32096,0
32097,0
32098,0
32099,0
32100,0
32101,0
32102,0
32103,0
32104,0
32105,0
32106,0
32107,1
32108,0
32109,0
32110,0
32111,0
32112,0
32113,0
32114,0
32115,0
32116,0
32117,0
32118,0
32119,0
32120,0
32121,0
32122,0
32123,1
32124,1
32125,0
32126,0
32127,0
32128,0
32129,0
32130,0
32131,1
32132,0
32133,0
32134,0
32135,0
32136,0
32137,0
32138,0
32139,0
32140,0
32141,0
32142,0
32143,0
32144,0
32145,0
32146,0
32147,0
32148,0
32149,0
32150,0
32151,0
32152,0
32153,0
32154,0
32155,0
32156,0
32157,0
32158,0
32159,0
32160,0
32161,0
32162,0
32163,0
32164,0
32165,0
32166,0
32167,0
32168,0
32169,1
32170,0
32171,0
32172,0
32173,0
32174,0
32175,0
32176,0
32177,0
32178,0
32179,0
32180,0
32181,0
32182,0
32183,0
32184,0
32185,0
32186,0
32187,0
32188,0
32189,0
32190,0
32191,0
32192,0
32193,0
32194,0
32195,0
32196,0
32197,0
32198,0
32199,0
32200,0
32201,0
32202,0
32203,0
32204,0
32205,0
32206,0
32207,0
32208,0
32209,0
32210,0
32211,1
32212,0
32213,0
32214,0
32215,0
32216,0
32217,0
32218,0
32219,1
32220,0
32221,0
32222,0
32223,0
32224,0
32225,0
32226,0
32227,0
32228,0
32229,0
32230,0
32231,0
32232,0
32233,0
32234,0
32235,0
32236,0
32237,0
32238,0
32239,0
32240,1
32241,0
32242,0
32243,0
32244,0
32245,0
32246,0
32247,0
32248,0
32249,0
32250,0
32251,0
32252,0
32253,0
32254,0
32255,0
32256,0
32257,0
32258,0
32259,0
32260,0
32261,0
32262,0
32263,0
32264,0
32265,0
32266,0
32267,0
32268,0
32269,0
32270,0
32271,0
32272,0
32273,0
32274,0
32275,0
32276,0
32277,1
32278,0
32279,1
32280,0
32281,0
32282,0
32283,0
32284,0
32285,0
32286,0
32287,0
32288,0
32289,0
32290,0
32291,1
32292,0
32293,0
32294,0
32295,0
32296,0
32297,0
32298,0
32299,0
32300,0
32301,0
32302,0
32303,0
32304,0
32305,0
32306,0
32307,0
32308,0
32309,0
32310,0
32311,0
32312,0
32313,0
32314,0
32315,0
32316,0
32317,0
32318,0
32319,0
32320,0
32321,0
32322,0
32323,0
32324,0
32325,0
32326,0
32327,0
32328,0
32329,0
32330,0
32331,0
32332,0
32333,0
32334,0
32335,0
32336,0
32337,0
32338,0
32339,0
32340,0
32341,0
32342,0
32343,0
32344,0
32345,0
32346,0
32347,0
32348,0
32349,0
32350,0
32351,0
32352,0
32353,0
32354,0
32355,0
32356,0
32357,0
32358,0
32359,0
32360,0
32361,0
32362,0
32363,1
32364,0
32365,0
32366,0
32367,0
32368,0
32369,0
32370,0
32371,0
32372,0
32373,0
32374,0
32375,0
32376,0
32377,0
32378,0
32379,0
32380,0
32381,0
32382,0
32383,0
32384,0
32385,0
32386,0
32387,0
32388,0
32389,0
32390,0
32391,0
32392,0
32393,0
32394,0
32395,0
32396,0
32397,0
32398,0
32399,0
32400,1
32401,0
32402,0
32403,0
32404,0
32405,0
32406,0
32407,0
32408,1
32409,0
32410,0
32411,0
32412,0
32413,0
32414,0
32415,1
32416,0
32417,0
32418,0
32419,0
32420,0
32421,0
32422,0
32423,0
32424,0
32425,0
32426,0
32427,0
32428,0
32429,0
32430,0
32431,0
32432,0
32433,0
32434,0
32435,0
32436,0
32437,0
32438,0
32439,0
32440,0
32441,0
32442,0
32443,0
32444,1
32445,0
32446,0
32447,0
32448,0
32449,1
32450,0
32451,0
32452,0
32453,0
32454,0
32455,0
32456,0
32457,0
32458,0
32459,0
32460,0
32461,0
32462,0
32463,0
32464,1
32465,0
32466,0
32467,0
32468,0
32469,0
32470,0
32471,0
32472,0
32473,0
32474,0
32475,0
32476,0
32477,0
32478,0
32479,1
32480,0
32481,0
32482,0
32483,0
32484,0
32485,0
32486,0
32487,0
32488,0
32489,0
32490,0
32491,0
32492,0
32493,0
32494,0
32495,0
32496,0
32497,0
32498,0
32499,0
32500,0
32501,0
32502,0
32503,0
32504,0
32505,1
32506,0
32507,0
32508,0
32509,0
32510,0
32511,0
32512,0
32513,0
32514,0
32515,0
32516,0
32517,1
32518,1
32519,0
32520,0
32521,0
32522,0
32523,0
32524,0
32525,1
32526,1
32527,0
32528,0
32529,0
32530,0
32531,0
32532,0
32533,0
32534,0
32535,0
32536,0
32537,0
32538,0
32539,1
32540,0
32541,0
32542,0
32543,0
32544,0
32545,0
32546,0
32547,0
32548,0
32549,1
32550,0
32551,0
32552,0
32553,0
32554,0
32555,0
32556,0
32557,0
32558,0
32559,0
32560,0
32561,0
32562,0
32563,0
32564,0
32565,0
32566,0
32567,0
32568,1
32569,0
32570,1
32571,0
32572,0
32573,0
32574,0
32575,0
32576,0
32577,0
32578,0
32579,0
32580,0
32581,0
32582,0
32583,0
32584,0
32585,0
32586,0
32587,0
32588,0
32589,0
32590,0
32591,0
32592,0
32593,0
32594,0
32595,0
32596,1
32597,0
32598,0
32599,0
32600,0
32601,0
32602,0
32603,0
32604,0
32605,0
32606,0
32607,1
32608,0
32609,0
32610,0
32611,0
32612,0
32613,0
32614,0
32615,0
32616,0
32617,0
32618,0
32619,0
32620,0
32621,0
32622,0
32623,0
32624,0
32625,0
32626,0
32627,0
32628,1
32629,0
32630,0
32631,0
32632,1
32633,0
32634,0
32635,0
32636,0
32637,0
32638,0
32639,0
32640,0
32641,1
32642,0
32643,0
32644,0
32645,0
32646,0
32647,0
32648,0
32649,0
32650,0
32651,0
32652,0
32653,0
32654,0
32655,0
32656,0
32657,0
32658,0
32659,0
32660,0
32661,0
32662,0
32663,0
32664,0
32665,0
32666,0
32667,0
32668,0
32669,0
32670,0
32671,0
32672,0
32673,0
32674,0
32675,0
32676,0
32677,0
32678,0
32679,0
32680,0
32681,0
32682,0
32683,0
32684,0
32685,0
32686,0
32687,0
32688,0
32689,0
32690,0
32691,0
32692,0
32693,0
32694,0
32695,0
32696,0
32697,0
32698,0
32699,0
32700,0
32701,0
32702,0
32703,0
32704,0
32705,0
32706,0
32707,0
32708,0
32709,0
32710,0
32711,0
32712,0
32713,0
32714,0
32715,0
32716,0
32717,0
32718,0
32719,0
32720,0
32721,0
32722,0
32723,0
32724,0
32725,1
32726,0
32727,0
32728,0
32729,0
32730,0
32731,0
32732,0
32733,0
32734,0
32735,0
32736,0
32737,0
32738,0
32739,0
32740,0
32741,0
32742,0
32743,0
32744,0
32745,0
32746,0
32747,0
32748,0
32749,0
32750,0
32751,0
32752,0
32753,1
32754,0
32755,0
32756,0
32757,0
32758,0
32759,0
32760,0
32761,0
32762,0
32763,0
32764,1
32765,0
32766,0
32767,0
32768,1
32769,0
32770,0
32771,0
32772,0
32773,0
32774,0
32775,0
32776,0
32777,0
32778,0
32779,0
32780,0
32781,0
32782,0
32783,0
32784,0
32785,0
32786,0
32787,0
32788,0
32789,0
32790,0
32791,0
32792,0
32793,0
32794,0
32795,0
32796,0
32797,0
32798,0
32799,0
32800,0
32801,0
32802,0
32803,0
32804,0
32805,0
32806,0
32807,0
32808,0
32809,0
32810,0
32811,1
32812,0
32813,0
32814,1
32815,0
32816,0
32817,0
32818,1
32819,0
32820,0
32821,0
32822,0
32823,0
32824,0
32825,0
32826,0
32827,0
32828,0
32829,0
32830,0
32831,0
32832,0
32833,0
32834,0
32835,0
32836,0
32837,0
32838,0
32839,0
32840,0
32841,0
32842,0
32843,0
32844,0
32845,0
32846,0
32847,0
32848,0
32849,0
32850,0
32851,0
32852,0
32853,1
32854,0
32855,0
32856,0
32857,0
32858,0
32859,0
32860,0
32861,0
32862,0
32863,1
32864,0
32865,0
32866,0
32867,0
32868,0
32869,0
32870,0
32871,0
32872,0
32873,0
32874,0
32875,0
32876,1
32877,0
32878,0
32879,0
32880,0
32881,0
32882,0
32883,0
32884,1
32885,0
32886,0
32887,0
32888,0
32889,0
32890,0
32891,0
32892,0
32893,1
32894,0
32895,0
32896,0
32897,1
32898,0
32899,0
32900,0
32901,0
32902,0
32903,0
32904,0
32905,0
32906,1
32907,0
32908,0
32909,0
32910,0
32911,0
32912,0
32913,1
32914,0
32915,0
32916,0
32917,0
32918,0
32919,0
32920,0
32921,0
32922,0
32923,0
32924,0
32925,0
32926,0
32927,0
32928,0
32929,0
32930,0
32931,0
32932,0
32933,0
32934,0
32935,0
32936,1
32937,0
32938,0
32939,0
32940,0
32941,0
32942,0
32943,0
32944,0
32945,0
32946,0
32947,1
32948,0
32949,0
32950,0
32951,0
32952,0
32953,1
32954,0
32955,0
32956,0
32957,0
32958,0
32959,0
32960,0
32961,0
32962,0
32963,0
32964,1
32965,0
32966,0
32967,0
32968,0
32969,0
32970,0
32971,0
32972,0
32973,0
32974,0
32975,0
32976,1
32977,0
32978,0
32979,0
32980,0
32981,0
32982,0
32983,0
32984,0
32985,0
32986,0
32987,1
32988,0
32989,0
32990,0
32991,0
32992,0
32993,0
32994,0
32995,1
32996,0
32997,0
32998,0
32999,0
33000,0
33001,0
33002,0
33003,0
33004,1
33005,0
33006,0
33007,0
33008,0
33009,0
33010,0
33011,0
33012,0
33013,0
33014,0
33015,1
33016,0
33017,0
33018,0
33019,0
33020,0
33021,0
33022,0
33023,0
33024,0
33025,0
33026,0
33027,0
33028,0
33029,0
33030,1
33031,0
33032,0
33033,0
33034,0
33035,0
33036,0
33037,0
33038,0
33039,1
33040,0
33041,0
33042,0
33043,0
33044,0
33045,0
33046,0
33047,0
33048,0
33049,0
33050,0
33051,1
33052,0
33053,0
33054,0
33055,0
33056,0
33057,0
33058,0
33059,0
33060,0
33061,0
33062,0
33063,1
33064,0
33065,0
33066,0
33067,0
33068,0
33069,0
33070,0
33071,0
33072,0
33073,0
33074,0
33075,1
33076,0
33077,0
33078,0
33079,0
33080,0
33081,0
33082,0
33083,0
33084,0
33085,0
33086,0
33087,0
33088,0
33089,0
33090,0
33091,0
33092,0
33093,0
33094,1
33095,1
33096,0
33097,0
33098,0
33099,0
33100,0
33101,0
33102,0
33103,0
33104,0
33105,0
33106,0
33107,0
33108,0
33109,0
33110,0
33111,0
33112,0
33113,0
33114,0
33115,0
33116,0
33117,0
33118,0
33119,0
33120,0
33121,0
33122,0
33123,0
33124,0
33125,0
33126,0
33127,0
33128,0
33129,0
33130,0
33131,0
33132,0
33133,1
33134,0
33135,0
33136,0
33137,1
33138,0
33139,0
33140,0
33141,1
33142,1
33143,0
33144,0
33145,1
33146,0
33147,0
33148,0
33149,0
33150,0
33151,0
33152,0
33153,0
33154,0
33155,0
33156,0
33157,0
33158,0
33159,0
33160,0
33161,0
33162,0
33163,0
33164,0
33165,0
33166,0
33167,0
33168,0
33169,1
33170,0
33171,0
33172,0
33173,0
33174,0
33175,0
33176,0
33177,0
33178,0
33179,0
33180,0
33181,0
33182,0
33183,0
33184,0
33185,0
33186,0
33187,0
33188,0
33189,0
33190,0
33191,0
33192,0
33193,0
33194,0
33195,0
33196,0
33197,0
33198,0
33199,0
33200,0
33201,1
33202,0
33203,1
33204,0
33205,0
33206,0
33207,0
33208,0
33209,0
33210,0
33211,0
33212,0
33213,1
33214,1
33215,0
33216,0
33217,0
33218,0
33219,0
33220,0
33221,0
33222,0
33223,0
33224,0
33225,0
33226,0
33227,0
33228,0
33229,0
33230,0
33231,0
33232,0
33233,0
33234,0
33235,0
33236,0
33237,0
33238,0
33239,0
33240,1
33241,0
33242,0
33243,0
33244,0
33245,0
33246,0
33247,0
33248,0
33249,0
33250,0
33251,0
33252,0
33253,0
33254,0
33255,0
33256,0
33257,0
33258,0
33259,0
33260,0
33261,0
33262,0
33263,0
33264,0
33265,0
33266,0
33267,0
33268,0
33269,0
33270,0
33271,0
33272,0
33273,0
33274,0
33275,0
33276,0
33277,0
33278,0
33279,0
33280,0
33281,0
33282,0
33283,0
33284,0
33285,0
33286,0
33287,0
33288,0
33289,0
33290,0
33291,0
33292,0
33293,0
33294,0
33295,0
33296,1
33297,0
33298,0
33299,0
33300,0
33301,0
33302,0
33303,0
33304,0
33305,0
33306,0
33307,0
33308,0
33309,0
33310,1
33311,0
33312,0
33313,1
33314,0
33315,0
33316,0
33317,0
33318,0
33319,0
33320,0
33321,0
33322,0
33323,0
33324,0
33325,0
33326,0
33327,0
33328,0
33329,0
33330,0
33331,0
33332,0
33333,0
33334,0
33335,0
33336,0
33337,0
33338,1
33339,0
33340,0
33341,0
33342,0
33343,0
33344,0
33345,1
33346,0
33347,0
33348,0
33349,0
33350,0
33351,0
33352,0
33353,0
33354,0
33355,0
33356,0
33357,0
33358,0
33359,0
33360,0
33361,0
33362,0
33363,0
33364,0
33365,0
33366,0
33367,0
33368,0
33369,0
33370,0
33371,0
33372,0
33373,0
33374,0
33375,0
33376,0
33377,0
33378,0
33379,0
33380,0
33381,0
33382,0
33383,0
33384,0
33385,0
33386,0
33387,0
33388,0
33389,0
33390,0
33391,0
33392,0
33393,0
33394,0
33395,0
33396,0
33397,0
33398,1
33399,0
33400,0
33401,0
33402,0
33403,1
33404,0
33405,0
33406,0
33407,0
33408,0
33409,0
33410,0
33411,0
33412,0
33413,0
33414,0
33415,0
33416,0
33417,0
33418,0
33419,0
33420,0
33421,0
33422,0
33423,1
33424,0
33425,0
33426,0
33427,0
33428,0
33429,0
33430,0
33431,0
33432,0
33433,1
33434,0
33435,0
33436,0
33437,0
33438,0
33439,0
33440,0
33441,0
33442,0
33443,0
33444,0
33445,0
33446,0
33447,0
33448,0
33449,0
33450,0
33451,0
33452,0
33453,0
33454,0
33455,0
33456,0
33457,0
33458,0
33459,0
33460,0
33461,0
33462,0
33463,0
33464,0
33465,0
33466,0
33467,0
33468,0
33469,0
33470,0
33471,0
33472,0
33473,0
33474,0
33475,0
33476,0
33477,0
33478,0
33479,0
33480,1
33481,0
33482,0
33483,0
33484,0
33485,0
33486,0
33487,0
33488,0
33489,0
33490,0
33491,0
33492,0
33493,0
33494,0
33495,0
33496,0
33497,1
33498,0
33499,0
33500,0
33501,0
33502,0
33503,0
33504,1
33505,1
33506,0
33507,0
33508,0
33509,0
33510,0
33511,0
33512,0
33513,0
33514,0
33515,0
33516,0
33517,0
33518,0
33519,1
33520,1
33521,0
33522,0
33523,0
33524,0
33525,1
33526,0
33527,0
33528,0
33529,0
33530,0
33531,0
33532,0
33533,0
33534,0
33535,0
33536,0
33537,0
33538,1
33539,0
33540,0
33541,0
33542,0
33543,0
33544,0
33545,0
33546,0
33547,0
33548,0
33549,0
33550,0
33551,0
33552,0
33553,0
33554,0
33555,0
33556,0
33557,0
33558,0
33559,0
33560,0
33561,0
33562,0
33563,0
33564,0
33565,0
33566,1
33567,0
33568,0
33569,0
33570,0
33571,0
33572,0
33573,1
33574,0
33575,0
33576,0
33577,0
33578,0
33579,0
33580,1
33581,0
33582,0
33583,0
33584,0
33585,1
33586,0
33587,0
33588,0
33589,0
33590,0
33591,0
33592,0
33593,0
33594,0
33595,0
33596,0
33597,0
33598,0
33599,0
33600,0
33601,0
33602,0
33603,0
33604,0
33605,0
33606,0
33607,1
33608,0
33609,1
33610,0
33611,0
33612,0
33613,0
33614,0
33615,0
33616,0
33617,0
33618,0
33619,0
33620,0
33621,0
33622,0
33623,0
33624,0
33625,0
33626,0
33627,0
33628,0
33629,0
33630,0
33631,0
33632,0
33633,0
33634,0
33635,0
33636,0
33637,1
33638,0
33639,0
33640,0
33641,0
33642,0
33643,0
33644,0
33645,0
33646,0
33647,0
33648,0
33649,0
33650,0
33651,0
33652,0
33653,0
33654,0
33655,0
33656,0
33657,0
33658,0
33659,0
33660,0
33661,0
33662,0
33663,1
33664,0
33665,0
33666,0
33667,0
33668,1
33669,0
33670,0
33671,0
33672,0
33673,0
33674,0
33675,0
33676,0
33677,0
33678,0
33679,0
33680,0
33681,1
33682,1
33683,0
33684,0
33685,0
33686,0
33687,0
33688,0
33689,0
33690,0
33691,0
33692,0
33693,0
33694,0
33695,1
33696,0
33697,0
33698,0
33699,0
33700,0
33701,0
33702,0
33703,0
33704,0
33705,0
33706,0
33707,1
33708,0
33709,0
33710,0
33711,0
33712,0
33713,0
33714,0
33715,0
33716,0
33717,0
33718,0
33719,0
33720,0
33721,0
33722,0
33723,0
33724,0
33725,0
33726,0
33727,0
33728,0
33729,0
33730,0
33731,1
33732,0
33733,0
33734,0
33735,0
33736,0
33737,0
33738,0
33739,0
33740,0
33741,0
33742,0
33743,1
33744,0
33745,0
33746,0
33747,0
33748,1
33749,0
33750,0
33751,0
33752,0
33753,0
33754,0
33755,0
33756,0
33757,0
33758,0
33759,1
33760,0
33761,1
33762,0
33763,0
33764,1
33765,0
33766,0
33767,0
33768,0
33769,0
33770,0
33771,0
33772,0
33773,0
33774,0
33775,0
33776,0
33777,0
33778,0
33779,0
33780,0
33781,0
33782,0
33783,0
33784,0
33785,0
33786,0
33787,0
33788,0
33789,0
33790,0
33791,0
33792,0
33793,0
33794,0
33795,0
33796,0
33797,0
33798,0
33799,0
33800,0
33801,0
33802,1
33803,0
33804,0
33805,0
33806,0
33807,0
33808,1
33809,0
33810,0
33811,0
33812,1
33813,0
33814,0
33815,0
33816,0
33817,0
33818,0
33819,0
33820,0
33821,1
33822,0
33823,0
33824,0
33825,0
33826,0
33827,0
33828,0
33829,0
33830,0
33831,0
33832,0
33833,0
33834,0
33835,0
33836,0
33837,0
33838,0
33839,0
33840,0
33841,1
33842,0
33843,0
33844,0
33845,0
33846,0
33847,0
33848,0
33849,1
33850,0
33851,0
33852,0
33853,0
33854,0
33855,0
33856,0
33857,1
33858,0
33859,0
33860,0
33861,0
33862,1
33863,0
33864,0
33865,0
33866,1
33867,0
33868,0
33869,0
33870,0
33871,1
33872,0
33873,0
33874,1
33875,0
33876,0
33877,0
33878,0
33879,0
33880,0
33881,0
33882,0
33883,0
33884,0
33885,0
33886,0
33887,0
33888,0
33889,0
33890,0
33891,0
33892,0
33893,0
33894,0
33895,1
33896,0
33897,0
33898,0
33899,0
33900,0
33901,0
33902,0
33903,0
33904,1
33905,1
33906,0
33907,1
33908,0
33909,0
33910,0
33911,0
33912,0
33913,1
33914,0
33915,0
33916,0
33917,0
33918,0
33919,0
33920,0
33921,0
33922,1
33923,0
33924,0
33925,0
33926,0
33927,0
33928,0
33929,0
33930,0
33931,0
33932,0
33933,0
33934,0
33935,0
33936,0
33937,1
33938,0
33939,1
33940,0
33941,0
33942,0
33943,0
33944,0
33945,0
33946,0
33947,0
33948,0
33949,1
33950,0
33951,0
33952,0
33953,0
33954,0
33955,1
33956,0
33957,0
33958,0
33959,0
33960,0
33961,1
33962,0
33963,0
33964,0
33965,0
33966,0
33967,1
33968,0
33969,0
33970,0
33971,0
33972,0
33973,0
33974,0
33975,0
33976,0
33977,1
33978,1
33979,0
33980,0
33981,0
33982,0
33983,0
33984,1
33985,0
33986,0
33987,0
33988,0
33989,1
33990,0
33991,0
33992,0
33993,0
33994,0
33995,0
33996,0
33997,1
33998,0
33999,0
34000,0
34001,0
34002,0
34003,0
34004,0
34005,0
34006,0
34007,0
34008,0
34009,1
34010,0
34011,0
34012,0
34013,0
34014,0
34015,0
34016,0
34017,1
34018,0
34019,1
34020,0
34021,0
34022,0
34023,0
34024,0
34025,0
34026,1
34027,0
34028,0
34029,0
34030,0
34031,0
34032,0
34033,0
34034,0
34035,0
34036,0
34037,0
34038,0
34039,0
34040,0
34041,0
34042,0
34043,0
34044,0
34045,0
34046,0
34047,1
34048,0
34049,0
34050,0
34051,0
34052,0
34053,0
34054,1
34055,0
34056,0
34057,0
34058,0
34059,0
34060,0
34061,0
34062,0
34063,0
34064,0
34065,0
34066,0
34067,0
34068,0
34069,0
34070,0
34071,0
34072,0
34073,0
34074,0
34075,0
34076,0
34077,0
34078,0
34079,1
34080,0
34081,0
34082,0
34083,0
34084,0
34085,0
34086,0
34087,0
34088,0
34089,1
34090,0
34091,0
34092,1
34093,0
34094,0
34095,1
34096,0
34097,0
34098,0
34099,0
34100,0
34101,0
34102,0
34103,0
34104,0
34105,0
34106,0
34107,0
34108,0
34109,0
34110,0
34111,0
34112,0
34113,0
34114,0
34115,0
34116,1
34117,0
34118,0
34119,1
34120,0
34121,0
34122,0
34123,0
34124,0
34125,0
34126,0
34127,0
34128,0
34129,0
34130,0
34131,0
34132,0
34133,0
34134,0
34135,0
34136,0
34137,0
34138,0
34139,0
34140,0
34141,0
34142,0
34143,0
34144,0
34145,0
34146,0
34147,1
34148,0
34149,0
34150,0
34151,0
34152,0
34153,0
34154,0
34155,0
34156,1
34157,1
34158,0
34159,1
34160,0
34161,0
34162,0
34163,0
34164,0
34165,0
34166,0
34167,0
34168,0
34169,0
34170,1
34171,0
34172,0
34173,0
34174,0
34175,0
34176,0
34177,0
34178,1
34179,0
34180,1
34181,0
34182,0
34183,0
34184,0
34185,0
34186,0
34187,0
34188,1
34189,0
34190,0
34191,0
34192,0
34193,0
34194,1
34195,0
34196,0
34197,1
34198,0
34199,0
34200,0
34201,0
34202,0
34203,0
34204,0
34205,0
34206,0
34207,0
34208,0
34209,0
34210,0
34211,0
34212,0
34213,0
34214,0
34215,1
34216,0
34217,0
34218,0
34219,0
34220,0
34221,0
34222,0
34223,0
34224,0
34225,1
34226,0
34227,0
34228,0
34229,0
34230,0
34231,0
34232,0
34233,0
34234,0
34235,0
34236,0
34237,0
34238,0
34239,0
34240,1
34241,0
34242,0
34243,0
34244,0
34245,0
34246,0
34247,0
34248,0
34249,0
34250,1
34251,0
34252,0
34253,0
34254,0
34255,0
34256,0
34257,0
34258,1
34259,0
34260,0
34261,0
34262,0
34263,0
34264,0
34265,0
34266,0
34267,0
34268,0
34269,0
34270,0
34271,1
34272,0
34273,0
34274,0
34275,0
34276,0
34277,0
34278,0
34279,0
34280,0
34281,0
34282,0
34283,1
34284,0
34285,1
34286,0
34287,0
34288,0
34289,0
34290,1
34291,1
34292,0
34293,0
34294,0
34295,0
34296,0
34297,0
34298,0
34299,0
34300,0
34301,0
34302,0
34303,0
34304,1
34305,0
34306,0
34307,0
34308,0
34309,0
34310,0
34311,0
34312,0
34313,0
34314,1
34315,0
34316,0
34317,0
34318,0
34319,0
34320,0
34321,0
34322,0
34323,0
34324,0
34325,0
34326,0
34327,0
34328,0
34329,0
34330,0
34331,0
34332,1
34333,0
34334,0
34335,0
34336,0
34337,0
34338,0
34339,0
34340,1
34341,0
34342,0
34343,0
34344,1
34345,0
34346,0
34347,0
34348,0
34349,0
34350,0
34351,1
34352,1
34353,0
34354,0
34355,0
34356,0
34357,0
34358,0
34359,1
34360,0
34361,0
34362,0
34363,0
34364,0
34365,0
34366,1
34367,0
34368,0
34369,0
34370,0
34371,0
34372,0
34373,0
34374,0
34375,0
34376,0
34377,0
34378,1
34379,0
34380,0
34381,0
34382,0
34383,1
34384,1
34385,0
34386,0
34387,0
34388,0
34389,0
34390,0
34391,0
34392,0
34393,0
34394,0
34395,1
34396,1
34397,0
34398,0
34399,0
34400,0
34401,0
34402,0
34403,0
34404,0
34405,0
34406,0
34407,0
34408,0
34409,0
34410,0
34411,0
34412,0
34413,0
34414,0
34415,0
34416,0
34417,0
34418,0
34419,0
34420,0
34421,0
34422,0
34423,0
34424,0
34425,0
34426,0
34427,0
34428,0
34429,0
34430,0
34431,0
34432,0
34433,0
34434,0
34435,0
34436,0
34437,0
34438,0
34439,0
34440,0
34441,1
34442,0
34443,0
34444,0
34445,0
34446,1
34447,0
34448,0
34449,0
34450,1
34451,0
34452,1
34453,0
34454,0
34455,0
34456,0
34457,0
34458,0
34459,0
34460,0
34461,0
34462,0
34463,1
34464,0
34465,0
34466,1
34467,0
34468,1
34469,1
34470,0
34471,1
34472,0
34473,0
34474,0
34475,0
34476,0
34477,0
34478,0
34479,0
34480,0
34481,0
34482,0
34483,0
34484,0
34485,0
34486,0
34487,0
34488,0
34489,0
34490,0
34491,0
34492,1
34493,0
34494,1
34495,0
34496,0
34497,0
34498,0
34499,0
34500,0
34501,0
34502,0
34503,0
34504,0
34505,1
34506,0
34507,0
34508,0
34509,0
34510,0
34511,0
34512,0
34513,0
34514,0
34515,0
34516,0
34517,0
34518,0
34519,0
34520,0
34521,1
34522,0
34523,1
34524,0
34525,0
34526,0
34527,1
34528,0
34529,0
34530,0
34531,0
34532,1
34533,0
34534,0
34535,0
34536,0
34537,0
34538,0
34539,0
34540,1
34541,0
34542,0
34543,0
34544,0
34545,0
34546,0
34547,0
34548,0
34549,1
34550,0
34551,0
34552,0
34553,0
34554,0
34555,0
34556,0
34557,0
34558,0
34559,0
34560,0
34561,0
34562,0
34563,0
34564,0
34565,0
34566,0
34567,0
34568,0
34569,0
34570,0
34571,0
34572,0
34573,0
34574,0
34575,0
34576,1
34577,0
34578,0
34579,0
34580,0
34581,0
34582,0
34583,0
34584,0
34585,0
34586,0
34587,0
34588,1
34589,0
34590,0
34591,0
34592,0
34593,0
34594,0
34595,0
34596,0
34597,0
34598,0
34599,0
34600,0
34601,0
34602,0
34603,0
34604,0
34605,1
34606,0
34607,0
34608,0
34609,1
34610,0
34611,1
34612,0
34613,0
34614,0
34615,0
34616,0
34617,0
34618,0
34619,0
34620,0
34621,0
34622,0
34623,1
34624,0
34625,0
34626,0
34627,0
34628,0
34629,0
34630,0
34631,0
34632,1
34633,0
34634,0
34635,0
34636,1
34637,0
34638,0
34639,0
34640,0
34641,0
34642,0
34643,0
34644,0
34645,0
34646,0
34647,0
34648,0
34649,0
34650,0
34651,0
34652,0
34653,0
34654,0
34655,0
34656,0
34657,0
34658,1
34659,0
34660,0
34661,0
34662,0
34663,0
34664,0
34665,0
34666,0
34667,1
34668,0
34669,0
34670,0
34671,0
34672,0
34673,0
34674,0
34675,0
34676,0
34677,0
34678,0
34679,0
34680,0
34681,0
34682,0
34683,0
34684,1
34685,1
34686,0
34687,0
34688,0
34689,0
34690,1
34691,0
34692,0
34693,0
34694,0
34695,0
34696,0
34697,0
34698,0
34699,0
34700,0
34701,0
34702,0
34703,0
34704,0
34705,0
34706,0
34707,0
34708,0
34709,0
34710,0
34711,0
34712,0
34713,0
34714,0
34715,0
34716,0
34717,1
34718,0
34719,0
34720,0
34721,0
34722,0
34723,0
34724,0
34725,1
34726,0
34727,0
34728,0
34729,0
34730,0
34731,0
34732,1
34733,0
34734,0
34735,0
34736,0
34737,0
34738,0
34739,0
34740,1
34741,0
34742,0
34743,0
34744,0
34745,0
34746,0
34747,0
34748,0
34749,0
34750,1
34751,1
34752,0
34753,0
34754,0
34755,0
34756,0
34757,0
34758,0
34759,0
34760,0
34761,0
34762,0
34763,0
34764,0
34765,0
34766,0
34767,0
34768,0
34769,0
34770,0
34771,1
34772,1
34773,0
34774,0
34775,0
34776,0
34777,0
34778,0
34779,0
34780,1
34781,0
34782,0
34783,0
34784,0
34785,0
34786,0
34787,0
34788,1
34789,0
34790,0
34791,0
34792,0
34793,0
34794,0
34795,0
34796,0
34797,0
34798,0
34799,0
34800,0
34801,1
34802,1
34803,0
34804,0
34805,0
34806,0
34807,0
34808,0
34809,0
34810,0
34811,0
34812,0
34813,0
34814,0
34815,0
34816,0
34817,0
34818,1
34819,0
34820,0
34821,0
34822,0
34823,0
34824,0
34825,1
34826,0
34827,0
34828,0
34829,0
34830,0
34831,0
34832,1
34833,0
34834,0
34835,0
34836,1
34837,0
34838,0
34839,0
34840,0
34841,0
34842,0
34843,1
34844,0
34845,0
34846,0
34847,0
34848,1
34849,0
34850,0
34851,0
34852,1
34853,0
34854,0
34855,0
34856,0
34857,0
34858,0
34859,0
34860,0
34861,0
34862,0
34863,0
34864,0
34865,0
34866,0
34867,0
34868,0
34869,0
34870,0
34871,0
34872,0
34873,0
34874,0
34875,0
34876,0
34877,0
34878,0
34879,0
34880,0
34881,0
34882,1
34883,0
34884,0
34885,0
34886,0
34887,0
34888,0
34889,0
34890,0
34891,0
34892,0
34893,0
34894,0
34895,0
34896,0
34897,0
34898,0
34899,0
34900,0
34901,1
34902,0
34903,0
34904,0
34905,0
34906,0
34907,0
34908,0
34909,0
34910,0
34911,1
34912,0
34913,0
34914,0
34915,0
34916,0
34917,0
34918,0
34919,0
34920,1
34921,0
34922,0
34923,0
34924,0
34925,0
34926,0
34927,1
34928,0
34929,0
34930,0
34931,1
34932,0
34933,0
34934,0
34935,0
34936,0
34937,0
34938,0
34939,0
34940,0
34941,0
34942,0
34943,0
34944,0
34945,0
34946,0
34947,0
34948,0
34949,0
34950,0
34951,0
34952,0
34953,0
34954,0
34955,1
34956,0
34957,0
34958,0
34959,0
34960,0
34961,0
34962,0
34963,0
34964,0
34965,0
34966,0
34967,0
34968,0
34969,0
34970,0
34971,0
34972,0
34973,1
34974,0
34975,0
34976,0
34977,0
34978,0
34979,0
34980,0
34981,0
34982,0
34983,0
34984,0
34985,0
34986,0
34987,0
34988,0
34989,0
34990,1
34991,0
34992,0
34993,0
34994,0
34995,0
34996,0
34997,0
34998,0
34999,0
35000,0
35001,0
35002,0
35003,1
35004,0
35005,0
35006,0
35007,0
35008,0
35009,0
35010,1
35011,0
35012,0
35013,0
35014,0
35015,0
35016,0
35017,0
35018,0
35019,0
35020,0
35021,0
35022,0
35023,0
35024,0
35025,0
35026,0
35027,1
35028,0
35029,0
35030,0
35031,0
35032,0
35033,0
35034,0
35035,0
35036,1
35037,0
35038,0
35039,0
35040,0
35041,0
35042,0
35043,0
35044,1
35045,0
35046,0
35047,0
35048,0
35049,0
35050,0
35051,0
35052,0
35053,1
35054,0
35055,0
35056,0
35057,1
35058,0
35059,0
35060,0
35061,0
35062,0
35063,0
35064,0
35065,0
35066,0
35067,1
35068,0
35069,0
35070,0
35071,0
35072,1
35073,0
35074,0
35075,0
35076,0
35077,0
35078,0
35079,0
35080,0
35081,1
35082,0
35083,0
35084,0
35085,0
35086,0
35087,0
35088,0
35089,0
35090,0
35091,0
35092,0
35093,0
35094,0
35095,0
35096,0
35097,0
35098,0
35099,0
35100,0
35101,0
35102,0
35103,0
35104,0
35105,0
35106,1
35107,0
35108,0
35109,0
35110,0
35111,0
35112,0
35113,0
35114,0
35115,0
35116,0
35117,0
35118,0
35119,0
35120,0
35121,0
35122,0
35123,0
35124,0
35125,0
35126,0
35127,0
35128,0
35129,0
35130,0
35131,0
35132,0
35133,0
35134,0
35135,0
35136,0
35137,0
35138,0
35139,0
35140,0
35141,0
35142,0
35143,0
35144,0
35145,0
35146,0
35147,0
35148,0
35149,0
35150,0
35151,0
35152,0
35153,0
35154,1
35155,1
35156,1
35157,0
35158,0
35159,0
35160,0
35161,0
35162,1
35163,0
35164,0
35165,0
35166,0
35167,0
35168,0
35169,0
35170,0
35171,0
35172,0
35173,0
35174,0
35175,0
35176,0
35177,0
35178,0
35179,0
35180,0
35181,1
35182,1
35183,0
35184,0
35185,0
35186,0
35187,0
35188,0
35189,0
35190,0
35191,0
35192,0
35193,1
35194,0
35195,0
35196,0
35197,0
35198,0
35199,0
35200,0
35201,1
35202,0
35203,0
35204,0
35205,0
35206,0
35207,0
35208,0
35209,0
35210,0
35211,0
35212,0
35213,0
35214,0
35215,0
35216,0
35217,0
35218,0
35219,0
35220,0
35221,0
35222,0
35223,0
35224,0
35225,0
35226,0
35227,0
35228,0
35229,0
35230,0
35231,0
35232,0
35233,0
35234,0
35235,0
35236,0
35237,0
35238,0
35239,0
35240,0
35241,0
35242,0
35243,0
35244,0
35245,0
35246,0
35247,1
35248,0
35249,0
35250,0
35251,1
35252,0
35253,0
35254,0
35255,0
35256,1
35257,0
35258,0
35259,0
35260,1
35261,0
35262,0
35263,0
35264,0
35265,1
35266,0
35267,0
35268,0
35269,0
35270,0
35271,0
35272,0
35273,0
35274,1
35275,0
35276,0
35277,0
35278,0
35279,0
35280,0
35281,0
35282,0
35283,0
35284,0
35285,0
35286,0
35287,0
35288,0
35289,0
35290,0
35291,0
35292,0
35293,0
35294,0
35295,0
35296,0
35297,0
35298,0
35299,0
35300,0
35301,0
35302,0
35303,0
35304,0
35305,0
35306,0
35307,0
35308,0
35309,0
35310,0
35311,0
35312,0
35313,1
35314,0
35315,0
35316,0
35317,0
35318,0
35319,0
35320,0
35321,0
35322,0
35323,0
35324,1
35325,0
35326,0
35327,0
35328,0
35329,0
35330,0
35331,0
35332,1
35333,0
35334,0
35335,1
35336,0
35337,0
35338,0
35339,0
35340,0
35341,0
35342,0
35343,0
35344,0
35345,0
35346,0
35347,0
35348,1
35349,0
35350,0
35351,0
35352,1
35353,0
35354,0
35355,0
35356,0
35357,0
35358,0
35359,0
35360,0
35361,0
35362,0
35363,0
35364,0
35365,0
35366,0
35367,0
35368,0
35369,0
35370,0
35371,0
35372,0
35373,1
35374,0
35375,0
35376,0
35377,0
35378,0
35379,0
35380,0
35381,0
35382,1
35383,0
35384,0
35385,0
35386,0
35387,0
35388,0
35389,1
35390,0
35391,0
35392,0
35393,0
35394,0
35395,0
35396,0
35397,0
35398,1
35399,0
35400,0
35401,0
35402,0
35403,1
35404,1
35405,1
35406,0
35407,0
35408,0
35409,0
35410,1
35411,0
35412,0
35413,0
35414,0
35415,0
35416,0
35417,0
35418,0
35419,1
35420,0
35421,0
35422,0
35423,0
35424,0
35425,0
35426,1
35427,0
35428,0
35429,0
35430,0
35431,1
35432,0
35433,0
35434,0
35435,0
35436,0
35437,1
35438,0
35439,0
35440,0
35441,1
35442,0
35443,0
35444,1
35445,0
35446,0
35447,0
35448,0
35449,0
35450,0
35451,0
35452,0
35453,1
35454,0
35455,1
35456,0
35457,1
35458,0
35459,0
35460,0
35461,0
35462,0
35463,1
35464,0
35465,0
35466,0
35467,0
35468,0
35469,0
35470,1
35471,0
35472,0
35473,0
35474,0
35475,0
35476,0
35477,0
35478,0
35479,0
35480,0
35481,0
35482,0
35483,0
35484,1
35485,0
35486,0
35487,0
35488,0
35489,0
35490,0
35491,0
35492,0
35493,0
35494,0
35495,0
35496,0
35497,0
35498,0
35499,0
35500,0
35501,0
35502,0
35503,0
35504,1
35505,0
35506,0
35507,0
35508,0
35509,0
35510,0
35511,0
35512,0
35513,0
35514,0
35515,0
35516,1
35517,0
35518,0
35519,0
35520,0
35521,0
35522,0
35523,0
35524,0
35525,0
35526,0
35527,0
35528,0
35529,0
35530,0
35531,0
35532,0
35533,0
35534,1
35535,0
35536,0
35537,0
35538,0
35539,0
35540,0
35541,0
35542,0
35543,0
35544,0
35545,0
35546,0
35547,0
35548,0
35549,0
35550,0
35551,0
35552,0
35553,0
35554,0
35555,0
35556,0
35557,0
35558,0
35559,0
35560,0
35561,0
35562,0
35563,0
35564,0
35565,0
35566,0
35567,0
35568,0
35569,0
35570,0
35571,0
35572,0
35573,0
35574,0
35575,0
35576,0
35577,0
35578,0
35579,0
35580,0
35581,0
35582,0
35583,1
35584,0
35585,0
35586,0
35587,0
35588,0
35589,0
35590,0
35591,0
35592,0
35593,0
35594,0
35595,0
35596,0
35597,0
35598,0
35599,0
35600,0
35601,0
35602,0
35603,0
35604,0
35605,0
35606,0
35607,0
35608,0
35609,0
35610,0
35611,0
35612,0
35613,0
35614,0
35615,0
35616,0
35617,0
35618,0
35619,1
35620,0
35621,0
35622,0
35623,0
35624,0
35625,0
35626,0
35627,0
35628,0
35629,0
35630,0
35631,0
35632,0
35633,0
35634,0
35635,0
35636,1
35637,0
35638,0
35639,0
35640,0
35641,0
35642,0
35643,0
35644,0
35645,1
35646,0
35647,0
35648,0
35649,0
35650,0
35651,0
35652,0
35653,0
35654,0
35655,0
35656,0
35657,0
35658,0
35659,0
35660,0
35661,0
35662,1
35663,0
35664,0
35665,0
35666,0
35667,0
35668,0
35669,0
35670,0
35671,0
35672,0
35673,0
35674,0
35675,0
35676,0
35677,0
35678,0
35679,0
35680,0
35681,0
35682,0
35683,0
35684,0
35685,0
35686,0
35687,1
35688,0
35689,0
35690,1
35691,0
35692,0
35693,0
35694,0
35695,0
35696,0
35697,0
35698,0
35699,0
35700,0
35701,0
35702,1
35703,0
35704,0
35705,0
35706,0
35707,0
35708,0
35709,0
35710,0
35711,0
35712,0
35713,0
35714,1
35715,0
35716,0
35717,1
35718,0
35719,0
35720,0
35721,0
35722,0
35723,0
35724,0
35725,0
35726,0
35727,0
35728,0
35729,0
35730,0
35731,0
35732,0
35733,0
35734,0
35735,0
35736,0
35737,0
35738,0
35739,0
35740,0
35741,1
35742,0
35743,0
35744,1
35745,0
35746,0
35747,0
35748,0
35749,0
35750,1
35751,0
35752,0
35753,0
35754,1
35755,1
35756,1
35757,0
35758,0
35759,0
35760,0
35761,0
35762,0
35763,0
35764,0
35765,0
35766,0
35767,0
35768,0
35769,0
35770,1
35771,0
35772,0
35773,1
35774,0
35775,0
35776,0
35777,0
35778,0
35779,0
35780,0
35781,1
35782,0
35783,0
35784,0
35785,0
35786,0
35787,0
35788,0
35789,0
35790,0
35791,0
35792,0
35793,0
35794,0
35795,0
35796,0
35797,0
35798,0
35799,0
35800,0
35801,0
35802,0
35803,1
35804,0
35805,0
35806,0
35807,0
35808,0
35809,0
35810,0
35811,0
35812,0
35813,0
35814,0
35815,0
35816,0
35817,0
35818,0
35819,1
35820,0
35821,0
35822,0
35823,0
35824,0
35825,0
35826,0
35827,0
35828,0
35829,0
35830,0
35831,0
35832,0
35833,0
35834,0
35835,0
35836,0
35837,0
35838,0
35839,0
35840,0
35841,0
35842,0
35843,0
35844,0
35845,0
35846,0
35847,0
35848,0
35849,0
35850,0
35851,1
35852,0
35853,0
35854,1
35855,0
35856,0
35857,0
35858,0
35859,0
35860,0
35861,0
35862,0
35863,0
35864,0
35865,0
35866,0
35867,0
35868,0
35869,0
35870,0
35871,0
35872,0
35873,0
35874,0
35875,0
35876,0
35877,0
35878,0
35879,0
35880,0
35881,0
35882,0
35883,0
35884,0
35885,0
35886,0
35887,0
35888,0
35889,0
35890,1
35891,0
35892,1
35893,1
35894,0
35895,0
35896,0
35897,0
35898,0
35899,0
35900,0
35901,0
35902,1
35903,0
35904,1
35905,0
35906,0
35907,0
35908,0
35909,1
35910,0
35911,0
35912,0
35913,0
35914,0
35915,0
35916,0
35917,0
35918,0
35919,0
35920,0
35921,0
35922,0
35923,0
35924,0
35925,0
35926,0
35927,0
35928,0
35929,0
35930,0
35931,0
35932,0
35933,0
35934,0
35935,0
35936,0
35937,0
35938,0
35939,0
35940,0
35941,0
35942,0
35943,0
35944,0
35945,0
35946,0
35947,0
35948,0
35949,0
35950,0
35951,0
35952,0
35953,0
35954,0
35955,0
35956,0
35957,0
35958,1
35959,0
35960,0
35961,0
35962,0
35963,0
35964,0
35965,0
35966,0
35967,0
35968,0
35969,0
35970,0
35971,0
35972,0
35973,0
35974,1
35975,0
35976,0
35977,0
35978,1
35979,0
35980,0
35981,0
35982,0
35983,0
35984,0
35985,0
35986,0
35987,0
35988,0
35989,0
35990,0
35991,0
35992,1
35993,0
35994,0
35995,0
35996,0
35997,0
35998,0
35999,1
36000,0
36001,0
36002,1
36003,0
36004,0
36005,0
36006,0
36007,0
36008,0
36009,0
36010,0
36011,0
36012,0
36013,0
36014,0
36015,0
36016,0
36017,0
36018,0
36019,0
36020,0
36021,0
36022,0
36023,0
36024,0
36025,0
36026,0
36027,0
36028,0
36029,0
36030,1
36031,0
36032,0
36033,0
36034,0
36035,1
36036,0
36037,0
36038,0
36039,1
36040,0
36041,0
36042,0
36043,0
36044,0
36045,0
36046,0
36047,0
36048,0
36049,0
36050,0
36051,0
36052,0
36053,0
36054,0
36055,0
36056,0
36057,0
36058,0
36059,0
36060,0
36061,0
36062,0
36063,0
36064,0
36065,0
36066,0
36067,0
36068,0
36069,0
36070,0
36071,0
36072,0
36073,0
36074,0
36075,0
36076,0
36077,0
36078,0
36079,0
36080,0
36081,0
36082,0
36083,1
36084,0
36085,0
36086,0
36087,0
36088,0
36089,0
36090,0
36091,0
36092,0
36093,0
36094,0
36095,0
36096,0
36097,0
36098,0
36099,0
36100,0
36101,0
36102,0
36103,0
36104,0
36105,0
36106,0
36107,0
36108,0
36109,0
36110,0
36111,0
36112,0
36113,0
36114,0
36115,0
36116,0
36117,0
36118,0
36119,0
36120,0
36121,0
36122,0
36123,0
36124,0
36125,0
36126,0
36127,0
36128,0
36129,1
36130,0
36131,0
36132,0
36133,0
36134,0
36135,0
36136,0
36137,0
36138,0
36139,0
36140,0
36141,0
36142,0
36143,0
36144,0
36145,1
36146,0
36147,1
36148,0
36149,0
36150,0
36151,0
36152,0
36153,0
36154,1
36155,0
36156,0
36157,0
36158,0
36159,0
36160,0
36161,0
36162,0
36163,0
36164,0
36165,0
36166,0
36167,0
36168,0
36169,0
